#
# A fatal error has been detected by the Java Runtime Environment:
#
#  EXCEPTION_ACCESS_VIOLATION (0xc0000005) at pc=0x00007ffb48193ac9, pid=29208, tid=29468
#
# JRE version: Java(TM) SE Runtime Environment (21.0.5+9) (build 21.0.5+9-LTS-239)
# Java VM: Java HotSpot(TM) 64-Bit Server VM (21.0.5+9-LTS-239, mixed mode, sharing, tiered, compressed oops, compressed class ptrs, g1 gc, windows-amd64)
# Problematic frame:
# V  [jvm.dll+0x363ac9]
#
# No core dump will be written. Minidumps are not enabled by default on client versions of Windows
#
# If you would like to submit a bug report, please visit:
#   https://bugreport.java.com/bugreport/crash.jsp
#

---------------  S U M M A R Y ------------

Command Line: -Xms512m -Xmx2g target/wecamapp-1.0-SNAPSHOT.jar

Host: Intel(R) Core(TM) i9-9900KF CPU @ 3.60GHz, 16 cores, 31G,  Windows 10 , 64 bit Build 19041 (10.0.19041.5198)
Time: Wed Jan  1 23:51:40 2025 Hora estándar romance elapsed time: 4.319730 seconds (0d 0h 0m 4s)

---------------  T H R E A D  ---------------

Current thread (0x0000027c8e682a50):  WorkerThread "GC Thread#5"    [id=29468, stack(0x0000008538b00000,0x0000008538c00000) (1024K)]

Stack: [0x0000008538b00000,0x0000008538c00000],  sp=0x0000008538bff330,  free space=1020k
Native frames: (J=compiled Java code, j=interpreted, Vv=VM code, C=native code)
V  [jvm.dll+0x363ac9]
V  [jvm.dll+0x3644b5]
V  [jvm.dll+0x36418b]
V  [jvm.dll+0x36c704]
V  [jvm.dll+0x36c87b]
V  [jvm.dll+0x8827e7]
V  [jvm.dll+0x7fee9b]
V  [jvm.dll+0x6c896d]
C  [ucrtbase.dll+0x21bb2]
C  [KERNEL32.DLL+0x17374]
C  [ntdll.dll+0x4cc91]


siginfo: EXCEPTION_ACCESS_VIOLATION (0xc0000005), reading address 0x000000000000bef8


Registers:
RAX=0x0000000000000000, RBX=0x0000027c8e8b3a68, RCX=0x0000000000000014, RDX=0x0000000000000000
RSP=0x0000008538bff330, RBP=0x0000000000000003, RSI=0x0000027c8d7fb4e8, RDI=0x000000000000bef8
R8 =0x0000000000000000, R9 =0x0000027c2a158d90, R10=0x00007ffbc77c0000, R11=0x00007ffbc77c15d5
R12=0x0000027c8e8b3a60, R13=0x00000085369fecb8, R14=0x0000027c8d7fb400, R15=0x0000000000000030
RIP=0x00007ffb48193ac9, EFLAGS=0x0000000000010246


Register to memory mapping:

RAX=0x0 is null
RBX=0x0000027c8e8b3a68 points into unknown readable memory: 0x00007ffb488092e8 | e8 92 80 48 fb 7f 00 00
RCX=0x0000000000000014 is an unknown value
RDX=0x0 is null
RSP=0x0000008538bff330 points into unknown readable memory: 0x0000000002920000 | 00 00 92 02 00 00 00 00
RBP=0x0000000000000003 is an unknown value
RSI=0x0000027c8d7fb4e8 points into unknown readable memory: 0x000000000000bef8 | f8 be 00 00 00 00 00 00
RDI=0x000000000000bef8 is an unknown value
R8 =0x0 is null
R9 =0x0000027c2a158d90 points into unknown readable memory: 0x00007ffb488001b0 | b0 01 80 48 fb 7f 00 00
R10=0x00007ffbc77c0000 VCRUNTIME140.dll
R11=0x00007ffbc77c15d5 VCRUNTIME140.dll
R12=0x0000027c8e8b3a60 points into unknown readable memory: 0x00007ffb48809330 | 30 93 80 48 fb 7f 00 00
R13=0x00000085369fecb8 points into unknown readable memory: 0x0000027c2a1b3820 | 20 38 1b 2a 7c 02 00 00
R14=0x0000027c8d7fb400 points into unknown readable memory: 0x000000009fb60540 | 40 05 b6 9f 00 00 00 00
R15=0x0000000000000030 is an unknown value

Top of Stack: (sp=0x0000008538bff330)
0x0000008538bff330:   0000000002920000 000000039cf40001
0x0000008538bff340:   0000000000000000 0000000000000070
0x0000008538bff350:   0000000000000004 00007ffb481944b5
0x0000008538bff360:   0000027c8e8b3a68 000003ffc0000000
0x0000008538bff370:   0000027c27ea0000 00007ffb48804950
0x0000008538bff380:   0000000000000000 0000008538bff400
0x0000008538bff390:   0000000000000007 0000027c8e681050
0x0000008538bff3a0:   00000085369febb0 000000039cf43595
0x0000008538bff3b0:   00007ffb48804860 000000000292622f
0x0000008538bff3c0:   000000039cf4808d 00007ffb0000000b
0x0000008538bff3d0:   0000027c8e681050 0000000000000007
0x0000008538bff3e0:   0000000000000000 0000000000000000
0x0000008538bff3f0:   000000016b000000 0000000000000000
0x0000008538bff400:   00007ffb48804860 0000000002926100
0x0000008538bff410:   0000000000000003 0000000000000004
0x0000008538bff420:   0000000000000000 00000775075ef73f
0x0000008538bff430:   0000000000000000 0000027c478a6030
0x0000008538bff440:   0000027c8e681050 00000000000003d8
0x0000008538bff450:   0000027c478a6418 0000027c8e8b3a60
0x0000008538bff460:   00000085369febb0 0000000000000007
0x0000008538bff470:   0000027c8e7ac370 00007ffb4819418b
0x0000008538bff480:   0000027c8e7ac370 0000000000000007
0x0000008538bff490:   00000085369febb0 0000000000000007
0x0000008538bff4a0:   0000000000000007 0000000000000008
0x0000008538bff4b0:   0000000000000005 00007ffb47ee0000
0x0000008538bff4c0:   0000000000000000 00007ffb484ec561
0x0000008538bff4d0:   0000000000000008 00000000000001e8
0x0000008538bff4e0:   0000000000000001 00007ffb47eecb4e
0x0000008538bff4f0:   0000000000000005 00007ffb47eef796
0x0000008538bff500:   0000000000000000 0000000000000008
0x0000008538bff510:   00007ffb48804870 00000000029261f1
0x0000008538bff520:   000000039cf42979 0000000000000003 

Instructions: (pc=0x00007ffb48193ac9)
0x00007ffb481939c9:   e2 4c 03 15 8f 75 85 00 4d 8b c2 49 8b 81 a0 05
0x00007ffb481939d9:   00 00 41 8b 89 b0 05 00 00 49 d3 e8 42 0f b7 14
0x00007ffb481939e9:   40 0f b7 c2 66 c1 e8 08 84 c0 78 3a 4d 8b 02 41
0x00007ffb481939f9:   0f b6 c0 24 03 3c 03 75 06 49 83 e0 fc eb 12 48
0x00007ffb48193a09:   8b 4b 10 4d 8b c8 4d 8b c2 e8 c9 1b ff ff 4c 8b
0x00007ffb48193a19:   c0 4c 2b 05 3f 75 85 00 8b 0d 41 75 85 00 49 d3
0x00007ffb48193a29:   e8 44 89 07 eb 37 3c fd 75 33 41 8b 89 18 02 00
0x00007ffb48193a39:   00 49 8b 81 10 02 00 00 48 d3 e0 8b 0d f6 04 8c
0x00007ffb48193a49:   00 4c 2b d0 49 8b 81 90 05 00 00 49 d3 ea 41 8b
0x00007ffb48193a59:   ca 80 7c 48 01 fd 75 05 c6 44 48 01 ff 48 8b 4b
0x00007ffb48193a69:   10 e8 e1 f4 fe ff 48 8b 5c 24 30 48 83 c4 20 5f
0x00007ffb48193a79:   c3 cc cc cc cc cc cc 48 89 5c 24 08 48 89 74 24
0x00007ffb48193a89:   10 57 48 83 ec 20 48 8b 3a 48 8b f2 48 8b d9 48
0x00007ffb48193a99:   85 ff 0f 84 b7 00 00 00 4c 8b 49 08 4c 8b c7 49
0x00007ffb48193aa9:   8b 81 a0 05 00 00 41 8b 89 b0 05 00 00 49 d3 e8
0x00007ffb48193ab9:   42 0f b7 14 40 0f b7 c2 66 c1 e8 08 84 c0 78 2c
0x00007ffb48193ac9:   48 8b 0f 0f b6 c1 24 03 3c 03 75 09 48 83 e1 fc
0x00007ffb48193ad9:   48 89 0e eb 71 4c 8b c9 4c 8b c7 48 8b 4b 10 e8
0x00007ffb48193ae9:   f3 1a ff ff 48 8b c8 48 89 06 eb 5a 3c fd 75 37
0x00007ffb48193af9:   41 8b 89 18 02 00 00 48 8b d7 49 8b 81 10 02 00
0x00007ffb48193b09:   00 48 d3 e0 8b 0d 2d 04 8c 00 48 2b d0 49 8b 81
0x00007ffb48193b19:   90 05 00 00 48 d3 ea 8b ca 80 7c 48 01 fd 75 17
0x00007ffb48193b29:   c6 44 48 01 ff eb 10 3c fc 75 0c 48 8b 4b 10 48
0x00007ffb48193b39:   8b d6 e8 90 f3 ff ff 8b 53 18 4c 8b c7 48 8b 4b
0x00007ffb48193b49:   28 e8 b1 3e fb ff 48 8b 4b 10 e8 f8 f3 fe ff 48
0x00007ffb48193b59:   8b 5c 24 30 48 8b 74 24 38 48 83 c4 20 5f c3 cc
0x00007ffb48193b69:   cc cc cc cc cc cc cc 48 89 5c 24 10 56 48 83 ec
0x00007ffb48193b79:   20 8b 02 48 8b f2 48 8b d9 85 c0 0f 84 e0 00 00
0x00007ffb48193b89:   00 8b 0d d8 73 85 00 4c 8b 43 08 48 89 7c 24 30
0x00007ffb48193b99:   8b f8 48 d3 e7 48 03 3d bb 73 85 00 49 8b 80 a0
0x00007ffb48193ba9:   05 00 00 48 8b d7 41 8b 88 b0 05 00 00 48 d3 ea
0x00007ffb48193bb9:   0f b7 14 50 0f b7 c2 66 c1 e8 08 84 c0 78 3a 4c 


Stack slot to memory mapping:

stack at sp + 0 slots: 0x0000000002920000 is an unknown value
stack at sp + 1 slots: 0x000000039cf40001 is an unknown value
stack at sp + 2 slots: 0x0 is null
stack at sp + 3 slots: 0x0000000000000070 is an unknown value
stack at sp + 4 slots: 0x0000000000000004 is an unknown value
stack at sp + 5 slots: 0x00007ffb481944b5 jvm.dll
stack at sp + 6 slots: 0x0000027c8e8b3a68 points into unknown readable memory: 0x00007ffb488092e8 | e8 92 80 48 fb 7f 00 00
stack at sp + 7 slots: 0x000003ffc0000000 is an unknown value


---------------  P R O C E S S  ---------------

Threads class SMR info:
_java_thread_list=0x0000027c8e7e7e50, length=19, elements={
0x0000027c478358b0, 0x0000027c47837910, 0x0000027c478388c0, 0x0000027c4783c330,
0x0000027c4783d0e0, 0x0000027c4783f750, 0x0000027c478420f0, 0x0000027c47842d70,
0x0000027c479e4630, 0x0000027c479e7880, 0x0000027c8d0f93a0, 0x0000027c8d0fc4c0,
0x0000027c8d103e10, 0x0000027c8d146990, 0x0000027c8d15e810, 0x0000027c8d1aaf90,
0x0000027c27ecd730, 0x0000027c8e6bd2e0, 0x0000027c8e6bd970
}

Java Threads: ( => current thread )
  0x0000027c478358b0 JavaThread "Reference Handler"          daemon [_thread_blocked, id=13936, stack(0x0000008536a00000,0x0000008536b00000) (1024K)]
  0x0000027c47837910 JavaThread "Finalizer"                  daemon [_thread_blocked, id=5996, stack(0x0000008536b00000,0x0000008536c00000) (1024K)]
  0x0000027c478388c0 JavaThread "Signal Dispatcher"          daemon [_thread_blocked, id=1648, stack(0x0000008536c00000,0x0000008536d00000) (1024K)]
  0x0000027c4783c330 JavaThread "Attach Listener"            daemon [_thread_blocked, id=15528, stack(0x0000008536d00000,0x0000008536e00000) (1024K)]
  0x0000027c4783d0e0 JavaThread "Service Thread"             daemon [_thread_blocked, id=10856, stack(0x0000008536e00000,0x0000008536f00000) (1024K)]
  0x0000027c4783f750 JavaThread "Monitor Deflation Thread"   daemon [_thread_blocked, id=3568, stack(0x0000008536f00000,0x0000008537000000) (1024K)]
  0x0000027c478420f0 JavaThread "C2 CompilerThread0"         daemon [_thread_blocked, id=9328, stack(0x0000008537000000,0x0000008537100000) (1024K)]
  0x0000027c47842d70 JavaThread "C1 CompilerThread0"         daemon [_thread_blocked, id=18476, stack(0x0000008537100000,0x0000008537200000) (1024K)]
  0x0000027c479e4630 JavaThread "Notification Thread"        daemon [_thread_blocked, id=22268, stack(0x0000008537500000,0x0000008537600000) (1024K)]
  0x0000027c479e7880 JavaThread "Common-Cleaner"             daemon [_thread_blocked, id=9572, stack(0x0000008537600000,0x0000008537700000) (1024K)]
  0x0000027c8d0f93a0 JavaThread "Java2D Disposer"            daemon [_thread_blocked, id=6332, stack(0x0000008537700000,0x0000008537800000) (1024K)]
  0x0000027c8d0fc4c0 JavaThread "AWT-Shutdown"                      [_thread_blocked, id=5044, stack(0x0000008537800000,0x0000008537900000) (1024K)]
  0x0000027c8d103e10 JavaThread "AWT-Windows"                daemon [_thread_in_native, id=9508, stack(0x0000008537900000,0x0000008537a00000) (1024K)]
  0x0000027c8d146990 JavaThread "EventQueueMonitor-ComponentEvtDispatch" daemon [_thread_blocked, id=28748, stack(0x0000008537a00000,0x0000008537b00000) (1024K)]
  0x0000027c8d15e810 JavaThread "Thread-1"                   daemon [_thread_in_native, id=4732, stack(0x0000008537b00000,0x0000008537c00000) (1024K)]
  0x0000027c8d1aaf90 JavaThread "AWT-EventQueue-0"                  [_thread_blocked, id=29612, stack(0x0000008537c00000,0x0000008537d00000) (1024K)]
  0x0000027c27ecd730 JavaThread "DestroyJavaVM"                     [_thread_blocked, id=6712, stack(0x0000008536200000,0x0000008536300000) (1024K)]
  0x0000027c8e6bd2e0 JavaThread "TimerQueue"                 daemon [_thread_blocked, id=12672, stack(0x0000008538000000,0x0000008538100000) (1024K)]
  0x0000027c8e6bd970 JavaThread "Thread-3"                          [_thread_blocked, id=15068, stack(0x0000008539a00000,0x0000008539b00000) (1024K)]
Total: 19

Other Threads:
  0x0000027c476fb310 VMThread "VM Thread"                           [id=16360, stack(0x0000008536900000,0x0000008536a00000) (1024K)]
  0x0000027c4782ab40 WatcherThread "VM Periodic Task Thread"        [id=11176, stack(0x0000008536800000,0x0000008536900000) (1024K)]
  0x0000027c2a19f460 WorkerThread "GC Thread#0"                     [id=29240, stack(0x0000008536300000,0x0000008536400000) (1024K)]
  0x0000027c8e6813c0 WorkerThread "GC Thread#1"                     [id=25716, stack(0x0000008538700000,0x0000008538800000) (1024K)]
  0x0000027c8e681b70 WorkerThread "GC Thread#2"                     [id=23004, stack(0x0000008538800000,0x0000008538900000) (1024K)]
  0x0000027c8e681f10 WorkerThread "GC Thread#3"                     [id=26220, stack(0x0000008538900000,0x0000008538a00000) (1024K)]
  0x0000027c8e6822b0 WorkerThread "GC Thread#4"                     [id=12668, stack(0x0000008538a00000,0x0000008538b00000) (1024K)]
=>0x0000027c8e682a50 WorkerThread "GC Thread#5"                     [id=29468, stack(0x0000008538b00000,0x0000008538c00000) (1024K)]
  0x0000027c8e740f60 WorkerThread "GC Thread#6"                     [id=12656, stack(0x0000008538c00000,0x0000008538d00000) (1024K)]
  0x0000027c8e741e30 WorkerThread "GC Thread#7"                     [id=29184, stack(0x0000008538d00000,0x0000008538e00000) (1024K)]
  0x0000027c8e742570 WorkerThread "GC Thread#8"                     [id=28816, stack(0x0000008538e00000,0x0000008538f00000) (1024K)]
  0x0000027c8e741a90 WorkerThread "GC Thread#9"                     [id=1400, stack(0x0000008538f00000,0x0000008539000000) (1024K)]
  0x0000027c8e742910 WorkerThread "GC Thread#10"                    [id=19576, stack(0x0000008539000000,0x0000008539100000) (1024K)]
  0x0000027c8e742cb0 WorkerThread "GC Thread#11"                    [id=29580, stack(0x0000008539100000,0x0000008539200000) (1024K)]
  0x0000027c8e741350 WorkerThread "GC Thread#12"                    [id=8108, stack(0x0000008539200000,0x0000008539300000) (1024K)]
  0x0000027c2a1b05f0 ConcurrentGCThread "G1 Main Marker"            [id=29216, stack(0x0000008536400000,0x0000008536500000) (1024K)]
  0x0000027c2a1b1890 WorkerThread "G1 Conc#0"                       [id=13848, stack(0x0000008536500000,0x0000008536600000) (1024K)]
  0x0000027c476d8060 ConcurrentGCThread "G1 Refine#0"               [id=21948, stack(0x0000008536600000,0x0000008536700000) (1024K)]
  0x0000027c476d8bd0 ConcurrentGCThread "G1 Service"                [id=27012, stack(0x0000008536700000,0x0000008536800000) (1024K)]
Total: 19

Threads with active compile tasks:
Total: 0

VM state: at safepoint (normal execution)

VM Mutex/Monitor currently owned by a thread:  ([mutex/lock_event])
[0x00007ffb48a6be98] Threads_lock - owner thread: 0x0000027c476fb310
[0x00007ffb48a6bf98] Heap_lock - owner thread: 0x0000027c8e6bd970

Heap address: 0x0000000080000000, size: 2048 MB, Compressed Oops mode: 32-bit

CDS archive(s) mapped at: [0x0000027c48000000-0x0000027c48c90000-0x0000027c48c90000), size 13172736, SharedBaseAddress: 0x0000027c48000000, ArchiveRelocationMode: 1.
Compressed class space mapped at: 0x0000027c49000000-0x0000027c89000000, reserved size: 1073741824
Narrow klass base: 0x0000027c48000000, Narrow klass shift: 0, Narrow klass range: 0x100000000

GC Precious Log:
 CardTable entry size: 512
 Card Set container configuration: InlinePtr #cards 5 size 8 Array Of Cards #cards 12 size 40 Howl #buckets 4 coarsen threshold 1843 Howl Bitmap #cards 512 size 80 coarsen threshold 460 Card regions per heap region 1 cards per card region 2048
 CPUs: 16 total, 16 available
 Memory: 32709M
 Large Page Support: Disabled
 NUMA Support: Disabled
 Compressed Oops: Enabled (32-bit)
 Heap Region Size: 1M
 Heap Min Capacity: 512M
 Heap Initial Capacity: 512M
 Heap Max Capacity: 2G
 Pre-touch: Disabled
 Parallel Workers: 13
 Concurrent Workers: 3
 Concurrent Refinement Workers: 13
 Periodic GC: Disabled

Heap:
 garbage-first heap   total 524288K, used 239166K [0x0000000080000000, 0x0000000100000000)
  region size 1024K, 5 young (5120K), 1 survivors (1024K)
 Metaspace       used 16442K, committed 16832K, reserved 1114112K
  class space    used 1812K, committed 1984K, reserved 1048576K

Heap Regions: E=young(eden), S=young(survivor), O=old, HS=humongous(starts), HC=humongous(continues), CS=collection set, F=free, TAMS=top-at-mark-start, PB=parsable bottom
|   0|0x0000000080000000, 0x0000000080100000, 0x0000000080100000|100%|HS|  |TAMS 0x0000000080100000| PB 0x0000000080000000| Complete 
|   1|0x0000000080100000, 0x0000000080200000, 0x0000000080200000|100%|HC|  |TAMS 0x0000000080200000| PB 0x0000000080100000| Complete 
|   2|0x0000000080200000, 0x0000000080300000, 0x0000000080300000|100%| O|  |TAMS 0x000000008027f460| PB 0x0000000080200000| Untracked 
|   3|0x0000000080300000, 0x0000000080400000, 0x0000000080400000|100%|HS|  |TAMS 0x0000000080400000| PB 0x0000000080300000| Complete 
|   4|0x0000000080400000, 0x0000000080500000, 0x0000000080500000|100%|HC|  |TAMS 0x0000000080500000| PB 0x0000000080400000| Complete 
|   5|0x0000000080500000, 0x0000000080600000, 0x0000000080600000|100%|HC|  |TAMS 0x0000000080600000| PB 0x0000000080500000| Complete 
|   6|0x0000000080600000, 0x0000000080700000, 0x0000000080700000|100%|HC|  |TAMS 0x0000000080700000| PB 0x0000000080600000| Complete 
|   7|0x0000000080700000, 0x0000000080800000, 0x0000000080800000|100%|HS|  |TAMS 0x0000000080800000| PB 0x0000000080700000| Complete 
|   8|0x0000000080800000, 0x0000000080900000, 0x0000000080900000|100%|HC|  |TAMS 0x0000000080900000| PB 0x0000000080800000| Complete 
|   9|0x0000000080900000, 0x0000000080a00000, 0x0000000080a00000|100%|HC|  |TAMS 0x0000000080a00000| PB 0x0000000080900000| Complete 
|  10|0x0000000080a00000, 0x0000000080b00000, 0x0000000080b00000|100%|HC|  |TAMS 0x0000000080b00000| PB 0x0000000080a00000| Complete 
|  11|0x0000000080b00000, 0x0000000080c00000, 0x0000000080c00000|100%|HS|  |TAMS 0x0000000080c00000| PB 0x0000000080b00000| Complete 
|  12|0x0000000080c00000, 0x0000000080d00000, 0x0000000080d00000|100%|HC|  |TAMS 0x0000000080d00000| PB 0x0000000080c00000| Complete 
|  13|0x0000000080d00000, 0x0000000080e00000, 0x0000000080e00000|100%|HC|  |TAMS 0x0000000080e00000| PB 0x0000000080d00000| Complete 
|  14|0x0000000080e00000, 0x0000000080f00000, 0x0000000080f00000|100%|HC|  |TAMS 0x0000000080f00000| PB 0x0000000080e00000| Complete 
|  15|0x0000000080f00000, 0x0000000081000000, 0x0000000081000000|100%|HS|  |TAMS 0x0000000081000000| PB 0x0000000080f00000| Complete 
|  16|0x0000000081000000, 0x0000000081100000, 0x0000000081100000|100%|HC|  |TAMS 0x0000000081100000| PB 0x0000000081000000| Complete 
|  17|0x0000000081100000, 0x0000000081200000, 0x0000000081200000|100%|HC|  |TAMS 0x0000000081200000| PB 0x0000000081100000| Complete 
|  18|0x0000000081200000, 0x0000000081300000, 0x0000000081300000|100%|HC|  |TAMS 0x0000000081300000| PB 0x0000000081200000| Complete 
|  19|0x0000000081300000, 0x0000000081400000, 0x0000000081400000|100%|HS|  |TAMS 0x0000000081400000| PB 0x0000000081300000| Complete 
|  20|0x0000000081400000, 0x0000000081500000, 0x0000000081500000|100%|HC|  |TAMS 0x0000000081500000| PB 0x0000000081400000| Complete 
|  21|0x0000000081500000, 0x0000000081600000, 0x0000000081600000|100%|HC|  |TAMS 0x0000000081600000| PB 0x0000000081500000| Complete 
|  22|0x0000000081600000, 0x0000000081700000, 0x0000000081700000|100%|HC|  |TAMS 0x0000000081700000| PB 0x0000000081600000| Complete 
|  23|0x0000000081700000, 0x0000000081800000, 0x0000000081800000|100%|HS|  |TAMS 0x0000000081800000| PB 0x0000000081700000| Complete 
|  24|0x0000000081800000, 0x0000000081900000, 0x0000000081900000|100%|HC|  |TAMS 0x0000000081900000| PB 0x0000000081800000| Complete 
|  25|0x0000000081900000, 0x0000000081a00000, 0x0000000081a00000|100%|HC|  |TAMS 0x0000000081a00000| PB 0x0000000081900000| Complete 
|  26|0x0000000081a00000, 0x0000000081b00000, 0x0000000081b00000|100%|HC|  |TAMS 0x0000000081b00000| PB 0x0000000081a00000| Complete 
|  27|0x0000000081b00000, 0x0000000081c00000, 0x0000000081c00000|100%|HS|  |TAMS 0x0000000081c00000| PB 0x0000000081b00000| Complete 
|  28|0x0000000081c00000, 0x0000000081d00000, 0x0000000081d00000|100%|HC|  |TAMS 0x0000000081d00000| PB 0x0000000081c00000| Complete 
|  29|0x0000000081d00000, 0x0000000081e00000, 0x0000000081e00000|100%|HC|  |TAMS 0x0000000081e00000| PB 0x0000000081d00000| Complete 
|  30|0x0000000081e00000, 0x0000000081f00000, 0x0000000081f00000|100%|HC|  |TAMS 0x0000000081f00000| PB 0x0000000081e00000| Complete 
|  31|0x0000000081f00000, 0x0000000082000000, 0x0000000082000000|100%|HS|  |TAMS 0x0000000082000000| PB 0x0000000081f00000| Complete 
|  32|0x0000000082000000, 0x0000000082100000, 0x0000000082100000|100%|HC|  |TAMS 0x0000000082100000| PB 0x0000000082000000| Complete 
|  33|0x0000000082100000, 0x0000000082200000, 0x0000000082200000|100%|HC|  |TAMS 0x0000000082200000| PB 0x0000000082100000| Complete 
|  34|0x0000000082200000, 0x0000000082300000, 0x0000000082300000|100%|HC|  |TAMS 0x0000000082300000| PB 0x0000000082200000| Complete 
|  35|0x0000000082300000, 0x0000000082400000, 0x0000000082400000|100%|HS|  |TAMS 0x0000000082400000| PB 0x0000000082300000| Complete 
|  36|0x0000000082400000, 0x0000000082500000, 0x0000000082500000|100%|HC|  |TAMS 0x0000000082500000| PB 0x0000000082400000| Complete 
|  37|0x0000000082500000, 0x0000000082600000, 0x0000000082600000|100%|HC|  |TAMS 0x0000000082600000| PB 0x0000000082500000| Complete 
|  38|0x0000000082600000, 0x0000000082700000, 0x0000000082700000|100%|HC|  |TAMS 0x0000000082700000| PB 0x0000000082600000| Complete 
|  39|0x0000000082700000, 0x0000000082800000, 0x0000000082800000|100%|HS|  |TAMS 0x0000000082800000| PB 0x0000000082700000| Complete 
|  40|0x0000000082800000, 0x0000000082900000, 0x0000000082900000|100%|HC|  |TAMS 0x0000000082900000| PB 0x0000000082800000| Complete 
|  41|0x0000000082900000, 0x0000000082a00000, 0x0000000082a00000|100%|HC|  |TAMS 0x0000000082a00000| PB 0x0000000082900000| Complete 
|  42|0x0000000082a00000, 0x0000000082b00000, 0x0000000082b00000|100%|HC|  |TAMS 0x0000000082b00000| PB 0x0000000082a00000| Complete 
|  43|0x0000000082b00000, 0x0000000082c00000, 0x0000000082c00000|100%|HS|  |TAMS 0x0000000082c00000| PB 0x0000000082b00000| Complete 
|  44|0x0000000082c00000, 0x0000000082d00000, 0x0000000082d00000|100%|HC|  |TAMS 0x0000000082d00000| PB 0x0000000082c00000| Complete 
|  45|0x0000000082d00000, 0x0000000082e00000, 0x0000000082e00000|100%|HC|  |TAMS 0x0000000082e00000| PB 0x0000000082d00000| Complete 
|  46|0x0000000082e00000, 0x0000000082f00000, 0x0000000082f00000|100%|HC|  |TAMS 0x0000000082f00000| PB 0x0000000082e00000| Complete 
|  47|0x0000000082f00000, 0x0000000083000000, 0x0000000083000000|100%|HS|  |TAMS 0x0000000083000000| PB 0x0000000082f00000| Complete 
|  48|0x0000000083000000, 0x0000000083100000, 0x0000000083100000|100%|HC|  |TAMS 0x0000000083100000| PB 0x0000000083000000| Complete 
|  49|0x0000000083100000, 0x0000000083200000, 0x0000000083200000|100%|HC|  |TAMS 0x0000000083200000| PB 0x0000000083100000| Complete 
|  50|0x0000000083200000, 0x0000000083300000, 0x0000000083300000|100%|HC|  |TAMS 0x0000000083300000| PB 0x0000000083200000| Complete 
|  51|0x0000000083300000, 0x0000000083400000, 0x0000000083400000|100%|HS|  |TAMS 0x0000000083400000| PB 0x0000000083300000| Complete 
|  52|0x0000000083400000, 0x0000000083500000, 0x0000000083500000|100%|HC|  |TAMS 0x0000000083500000| PB 0x0000000083400000| Complete 
|  53|0x0000000083500000, 0x0000000083600000, 0x0000000083600000|100%|HC|  |TAMS 0x0000000083600000| PB 0x0000000083500000| Complete 
|  54|0x0000000083600000, 0x0000000083700000, 0x0000000083700000|100%|HC|  |TAMS 0x0000000083700000| PB 0x0000000083600000| Complete 
|  55|0x0000000083700000, 0x0000000083800000, 0x0000000083800000|100%|HS|  |TAMS 0x0000000083800000| PB 0x0000000083700000| Complete 
|  56|0x0000000083800000, 0x0000000083900000, 0x0000000083900000|100%|HC|  |TAMS 0x0000000083900000| PB 0x0000000083800000| Complete 
|  57|0x0000000083900000, 0x0000000083a00000, 0x0000000083a00000|100%|HC|  |TAMS 0x0000000083a00000| PB 0x0000000083900000| Complete 
|  58|0x0000000083a00000, 0x0000000083b00000, 0x0000000083b00000|100%|HC|  |TAMS 0x0000000083b00000| PB 0x0000000083a00000| Complete 
|  59|0x0000000083b00000, 0x0000000083c00000, 0x0000000083c00000|100%|HS|  |TAMS 0x0000000083c00000| PB 0x0000000083b00000| Complete 
|  60|0x0000000083c00000, 0x0000000083d00000, 0x0000000083d00000|100%|HC|  |TAMS 0x0000000083d00000| PB 0x0000000083c00000| Complete 
|  61|0x0000000083d00000, 0x0000000083e00000, 0x0000000083e00000|100%|HC|  |TAMS 0x0000000083e00000| PB 0x0000000083d00000| Complete 
|  62|0x0000000083e00000, 0x0000000083f00000, 0x0000000083f00000|100%|HC|  |TAMS 0x0000000083f00000| PB 0x0000000083e00000| Complete 
|  63|0x0000000083f00000, 0x0000000084000000, 0x0000000084000000|100%|HS|  |TAMS 0x0000000084000000| PB 0x0000000083f00000| Complete 
|  64|0x0000000084000000, 0x0000000084100000, 0x0000000084100000|100%|HC|  |TAMS 0x0000000084100000| PB 0x0000000084000000| Complete 
|  65|0x0000000084100000, 0x0000000084200000, 0x0000000084200000|100%|HC|  |TAMS 0x0000000084200000| PB 0x0000000084100000| Complete 
|  66|0x0000000084200000, 0x0000000084300000, 0x0000000084300000|100%|HC|  |TAMS 0x0000000084300000| PB 0x0000000084200000| Complete 
|  67|0x0000000084300000, 0x0000000084400000, 0x0000000084400000|100%|HS|  |TAMS 0x0000000084400000| PB 0x0000000084300000| Complete 
|  68|0x0000000084400000, 0x0000000084500000, 0x0000000084500000|100%|HC|  |TAMS 0x0000000084500000| PB 0x0000000084400000| Complete 
|  69|0x0000000084500000, 0x0000000084600000, 0x0000000084600000|100%|HC|  |TAMS 0x0000000084600000| PB 0x0000000084500000| Complete 
|  70|0x0000000084600000, 0x0000000084700000, 0x0000000084700000|100%|HC|  |TAMS 0x0000000084700000| PB 0x0000000084600000| Complete 
|  71|0x0000000084700000, 0x0000000084800000, 0x0000000084800000|100%|HS|  |TAMS 0x0000000084800000| PB 0x0000000084700000| Complete 
|  72|0x0000000084800000, 0x0000000084900000, 0x0000000084900000|100%|HC|  |TAMS 0x0000000084900000| PB 0x0000000084800000| Complete 
|  73|0x0000000084900000, 0x0000000084a00000, 0x0000000084a00000|100%|HC|  |TAMS 0x0000000084a00000| PB 0x0000000084900000| Complete 
|  74|0x0000000084a00000, 0x0000000084b00000, 0x0000000084b00000|100%|HC|  |TAMS 0x0000000084b00000| PB 0x0000000084a00000| Complete 
|  75|0x0000000084b00000, 0x0000000084c00000, 0x0000000084c00000|100%|HS|  |TAMS 0x0000000084c00000| PB 0x0000000084b00000| Complete 
|  76|0x0000000084c00000, 0x0000000084d00000, 0x0000000084d00000|100%|HC|  |TAMS 0x0000000084d00000| PB 0x0000000084c00000| Complete 
|  77|0x0000000084d00000, 0x0000000084e00000, 0x0000000084e00000|100%|HC|  |TAMS 0x0000000084e00000| PB 0x0000000084d00000| Complete 
|  78|0x0000000084e00000, 0x0000000084f00000, 0x0000000084f00000|100%|HC|  |TAMS 0x0000000084f00000| PB 0x0000000084e00000| Complete 
|  79|0x0000000084f00000, 0x0000000085000000, 0x0000000085000000|100%|HS|  |TAMS 0x0000000085000000| PB 0x0000000084f00000| Complete 
|  80|0x0000000085000000, 0x0000000085100000, 0x0000000085100000|100%|HC|  |TAMS 0x0000000085100000| PB 0x0000000085000000| Complete 
|  81|0x0000000085100000, 0x0000000085200000, 0x0000000085200000|100%|HC|  |TAMS 0x0000000085200000| PB 0x0000000085100000| Complete 
|  82|0x0000000085200000, 0x0000000085300000, 0x0000000085300000|100%|HC|  |TAMS 0x0000000085300000| PB 0x0000000085200000| Complete 
|  83|0x0000000085300000, 0x0000000085400000, 0x0000000085400000|100%|HS|  |TAMS 0x0000000085400000| PB 0x0000000085300000| Complete 
|  84|0x0000000085400000, 0x0000000085500000, 0x0000000085500000|100%|HC|  |TAMS 0x0000000085500000| PB 0x0000000085400000| Complete 
|  85|0x0000000085500000, 0x0000000085600000, 0x0000000085600000|100%|HC|  |TAMS 0x0000000085600000| PB 0x0000000085500000| Complete 
|  86|0x0000000085600000, 0x0000000085700000, 0x0000000085700000|100%|HC|  |TAMS 0x0000000085700000| PB 0x0000000085600000| Complete 
|  87|0x0000000085700000, 0x0000000085800000, 0x0000000085800000|100%|HS|  |TAMS 0x0000000085800000| PB 0x0000000085700000| Complete 
|  88|0x0000000085800000, 0x0000000085900000, 0x0000000085900000|100%|HC|  |TAMS 0x0000000085900000| PB 0x0000000085800000| Complete 
|  89|0x0000000085900000, 0x0000000085a00000, 0x0000000085a00000|100%|HC|  |TAMS 0x0000000085a00000| PB 0x0000000085900000| Complete 
|  90|0x0000000085a00000, 0x0000000085b00000, 0x0000000085b00000|100%|HC|  |TAMS 0x0000000085b00000| PB 0x0000000085a00000| Complete 
|  91|0x0000000085b00000, 0x0000000085c00000, 0x0000000085c00000|100%|HS|  |TAMS 0x0000000085c00000| PB 0x0000000085b00000| Complete 
|  92|0x0000000085c00000, 0x0000000085d00000, 0x0000000085d00000|100%|HC|  |TAMS 0x0000000085d00000| PB 0x0000000085c00000| Complete 
|  93|0x0000000085d00000, 0x0000000085e00000, 0x0000000085e00000|100%|HC|  |TAMS 0x0000000085e00000| PB 0x0000000085d00000| Complete 
|  94|0x0000000085e00000, 0x0000000085f00000, 0x0000000085f00000|100%|HC|  |TAMS 0x0000000085f00000| PB 0x0000000085e00000| Complete 
|  95|0x0000000085f00000, 0x0000000086000000, 0x0000000086000000|100%|HS|  |TAMS 0x0000000086000000| PB 0x0000000085f00000| Complete 
|  96|0x0000000086000000, 0x0000000086100000, 0x0000000086100000|100%|HC|  |TAMS 0x0000000086100000| PB 0x0000000086000000| Complete 
|  97|0x0000000086100000, 0x0000000086200000, 0x0000000086200000|100%|HC|  |TAMS 0x0000000086200000| PB 0x0000000086100000| Complete 
|  98|0x0000000086200000, 0x0000000086300000, 0x0000000086300000|100%|HC|  |TAMS 0x0000000086300000| PB 0x0000000086200000| Complete 
|  99|0x0000000086300000, 0x0000000086400000, 0x0000000086400000|100%|HS|  |TAMS 0x0000000086400000| PB 0x0000000086300000| Complete 
| 100|0x0000000086400000, 0x0000000086500000, 0x0000000086500000|100%|HC|  |TAMS 0x0000000086500000| PB 0x0000000086400000| Complete 
| 101|0x0000000086500000, 0x0000000086600000, 0x0000000086600000|100%|HC|  |TAMS 0x0000000086600000| PB 0x0000000086500000| Complete 
| 102|0x0000000086600000, 0x0000000086700000, 0x0000000086700000|100%|HC|  |TAMS 0x0000000086700000| PB 0x0000000086600000| Complete 
| 103|0x0000000086700000, 0x0000000086800000, 0x0000000086800000|100%|HS|  |TAMS 0x0000000086800000| PB 0x0000000086700000| Complete 
| 104|0x0000000086800000, 0x0000000086900000, 0x0000000086900000|100%|HC|  |TAMS 0x0000000086900000| PB 0x0000000086800000| Complete 
| 105|0x0000000086900000, 0x0000000086a00000, 0x0000000086a00000|100%|HC|  |TAMS 0x0000000086a00000| PB 0x0000000086900000| Complete 
| 106|0x0000000086a00000, 0x0000000086b00000, 0x0000000086b00000|100%|HC|  |TAMS 0x0000000086b00000| PB 0x0000000086a00000| Complete 
| 107|0x0000000086b00000, 0x0000000086c00000, 0x0000000086c00000|100%|HS|  |TAMS 0x0000000086c00000| PB 0x0000000086b00000| Complete 
| 108|0x0000000086c00000, 0x0000000086d00000, 0x0000000086d00000|100%|HC|  |TAMS 0x0000000086d00000| PB 0x0000000086c00000| Complete 
| 109|0x0000000086d00000, 0x0000000086e00000, 0x0000000086e00000|100%|HC|  |TAMS 0x0000000086e00000| PB 0x0000000086d00000| Complete 
| 110|0x0000000086e00000, 0x0000000086f00000, 0x0000000086f00000|100%|HC|  |TAMS 0x0000000086f00000| PB 0x0000000086e00000| Complete 
| 111|0x0000000086f00000, 0x0000000087000000, 0x0000000087000000|100%|HS|  |TAMS 0x0000000087000000| PB 0x0000000086f00000| Complete 
| 112|0x0000000087000000, 0x0000000087100000, 0x0000000087100000|100%|HC|  |TAMS 0x0000000087100000| PB 0x0000000087000000| Complete 
| 113|0x0000000087100000, 0x0000000087200000, 0x0000000087200000|100%|HC|  |TAMS 0x0000000087200000| PB 0x0000000087100000| Complete 
| 114|0x0000000087200000, 0x0000000087300000, 0x0000000087300000|100%|HC|  |TAMS 0x0000000087300000| PB 0x0000000087200000| Complete 
| 115|0x0000000087300000, 0x0000000087400000, 0x0000000087400000|100%|HS|  |TAMS 0x0000000087400000| PB 0x0000000087300000| Complete 
| 116|0x0000000087400000, 0x0000000087500000, 0x0000000087500000|100%|HC|  |TAMS 0x0000000087500000| PB 0x0000000087400000| Complete 
| 117|0x0000000087500000, 0x0000000087600000, 0x0000000087600000|100%|HC|  |TAMS 0x0000000087600000| PB 0x0000000087500000| Complete 
| 118|0x0000000087600000, 0x0000000087700000, 0x0000000087700000|100%|HC|  |TAMS 0x0000000087700000| PB 0x0000000087600000| Complete 
| 119|0x0000000087700000, 0x0000000087800000, 0x0000000087800000|100%|HS|  |TAMS 0x0000000087800000| PB 0x0000000087700000| Complete 
| 120|0x0000000087800000, 0x0000000087900000, 0x0000000087900000|100%|HC|  |TAMS 0x0000000087900000| PB 0x0000000087800000| Complete 
| 121|0x0000000087900000, 0x0000000087a00000, 0x0000000087a00000|100%|HC|  |TAMS 0x0000000087a00000| PB 0x0000000087900000| Complete 
| 122|0x0000000087a00000, 0x0000000087b00000, 0x0000000087b00000|100%|HC|  |TAMS 0x0000000087b00000| PB 0x0000000087a00000| Complete 
| 123|0x0000000087b00000, 0x0000000087c00000, 0x0000000087c00000|100%|HS|  |TAMS 0x0000000087c00000| PB 0x0000000087b00000| Complete 
| 124|0x0000000087c00000, 0x0000000087d00000, 0x0000000087d00000|100%|HC|  |TAMS 0x0000000087d00000| PB 0x0000000087c00000| Complete 
| 125|0x0000000087d00000, 0x0000000087e00000, 0x0000000087e00000|100%|HC|  |TAMS 0x0000000087e00000| PB 0x0000000087d00000| Complete 
| 126|0x0000000087e00000, 0x0000000087f00000, 0x0000000087f00000|100%|HC|  |TAMS 0x0000000087f00000| PB 0x0000000087e00000| Complete 
| 127|0x0000000087f00000, 0x0000000088000000, 0x0000000088000000|100%|HS|  |TAMS 0x0000000088000000| PB 0x0000000087f00000| Complete 
| 128|0x0000000088000000, 0x0000000088100000, 0x0000000088100000|100%|HC|  |TAMS 0x0000000088100000| PB 0x0000000088000000| Complete 
| 129|0x0000000088100000, 0x0000000088200000, 0x0000000088200000|100%|HC|  |TAMS 0x0000000088200000| PB 0x0000000088100000| Complete 
| 130|0x0000000088200000, 0x0000000088300000, 0x0000000088300000|100%|HC|  |TAMS 0x0000000088300000| PB 0x0000000088200000| Complete 
| 131|0x0000000088300000, 0x0000000088400000, 0x0000000088400000|100%|HS|  |TAMS 0x0000000088400000| PB 0x0000000088300000| Complete 
| 132|0x0000000088400000, 0x0000000088500000, 0x0000000088500000|100%|HC|  |TAMS 0x0000000088500000| PB 0x0000000088400000| Complete 
| 133|0x0000000088500000, 0x0000000088600000, 0x0000000088600000|100%|HC|  |TAMS 0x0000000088600000| PB 0x0000000088500000| Complete 
| 134|0x0000000088600000, 0x0000000088700000, 0x0000000088700000|100%|HC|  |TAMS 0x0000000088700000| PB 0x0000000088600000| Complete 
| 135|0x0000000088700000, 0x0000000088800000, 0x0000000088800000|100%|HS|  |TAMS 0x0000000088800000| PB 0x0000000088700000| Complete 
| 136|0x0000000088800000, 0x0000000088900000, 0x0000000088900000|100%|HC|  |TAMS 0x0000000088900000| PB 0x0000000088800000| Complete 
| 137|0x0000000088900000, 0x0000000088a00000, 0x0000000088a00000|100%|HC|  |TAMS 0x0000000088a00000| PB 0x0000000088900000| Complete 
| 138|0x0000000088a00000, 0x0000000088b00000, 0x0000000088b00000|100%|HC|  |TAMS 0x0000000088b00000| PB 0x0000000088a00000| Complete 
| 139|0x0000000088b00000, 0x0000000088c00000, 0x0000000088c00000|100%|HS|  |TAMS 0x0000000088c00000| PB 0x0000000088b00000| Complete 
| 140|0x0000000088c00000, 0x0000000088d00000, 0x0000000088d00000|100%|HC|  |TAMS 0x0000000088d00000| PB 0x0000000088c00000| Complete 
| 141|0x0000000088d00000, 0x0000000088e00000, 0x0000000088e00000|100%|HC|  |TAMS 0x0000000088e00000| PB 0x0000000088d00000| Complete 
| 142|0x0000000088e00000, 0x0000000088f00000, 0x0000000088f00000|100%|HC|  |TAMS 0x0000000088f00000| PB 0x0000000088e00000| Complete 
| 143|0x0000000088f00000, 0x0000000089000000, 0x0000000089000000|100%|HS|  |TAMS 0x0000000089000000| PB 0x0000000088f00000| Complete 
| 144|0x0000000089000000, 0x0000000089100000, 0x0000000089100000|100%|HC|  |TAMS 0x0000000089100000| PB 0x0000000089000000| Complete 
| 145|0x0000000089100000, 0x0000000089200000, 0x0000000089200000|100%|HC|  |TAMS 0x0000000089200000| PB 0x0000000089100000| Complete 
| 146|0x0000000089200000, 0x0000000089300000, 0x0000000089300000|100%|HC|  |TAMS 0x0000000089300000| PB 0x0000000089200000| Complete 
| 147|0x0000000089300000, 0x0000000089400000, 0x0000000089400000|100%|HS|  |TAMS 0x0000000089400000| PB 0x0000000089300000| Complete 
| 148|0x0000000089400000, 0x0000000089500000, 0x0000000089500000|100%|HC|  |TAMS 0x0000000089500000| PB 0x0000000089400000| Complete 
| 149|0x0000000089500000, 0x0000000089600000, 0x0000000089600000|100%|HC|  |TAMS 0x0000000089600000| PB 0x0000000089500000| Complete 
| 150|0x0000000089600000, 0x0000000089700000, 0x0000000089700000|100%|HC|  |TAMS 0x0000000089700000| PB 0x0000000089600000| Complete 
| 151|0x0000000089700000, 0x0000000089800000, 0x0000000089800000|100%|HS|  |TAMS 0x0000000089800000| PB 0x0000000089700000| Complete 
| 152|0x0000000089800000, 0x0000000089900000, 0x0000000089900000|100%|HC|  |TAMS 0x0000000089900000| PB 0x0000000089800000| Complete 
| 153|0x0000000089900000, 0x0000000089a00000, 0x0000000089a00000|100%|HC|  |TAMS 0x0000000089a00000| PB 0x0000000089900000| Complete 
| 154|0x0000000089a00000, 0x0000000089b00000, 0x0000000089b00000|100%|HC|  |TAMS 0x0000000089b00000| PB 0x0000000089a00000| Complete 
| 155|0x0000000089b00000, 0x0000000089c00000, 0x0000000089c00000|100%|HS|  |TAMS 0x0000000089c00000| PB 0x0000000089b00000| Complete 
| 156|0x0000000089c00000, 0x0000000089d00000, 0x0000000089d00000|100%|HC|  |TAMS 0x0000000089d00000| PB 0x0000000089c00000| Complete 
| 157|0x0000000089d00000, 0x0000000089e00000, 0x0000000089e00000|100%|HC|  |TAMS 0x0000000089e00000| PB 0x0000000089d00000| Complete 
| 158|0x0000000089e00000, 0x0000000089f00000, 0x0000000089f00000|100%|HC|  |TAMS 0x0000000089f00000| PB 0x0000000089e00000| Complete 
| 159|0x0000000089f00000, 0x000000008a000000, 0x000000008a000000|100%|HS|  |TAMS 0x000000008a000000| PB 0x0000000089f00000| Complete 
| 160|0x000000008a000000, 0x000000008a100000, 0x000000008a100000|100%|HC|  |TAMS 0x000000008a100000| PB 0x000000008a000000| Complete 
| 161|0x000000008a100000, 0x000000008a200000, 0x000000008a200000|100%|HC|  |TAMS 0x000000008a200000| PB 0x000000008a100000| Complete 
| 162|0x000000008a200000, 0x000000008a300000, 0x000000008a300000|100%|HC|  |TAMS 0x000000008a300000| PB 0x000000008a200000| Complete 
| 163|0x000000008a300000, 0x000000008a400000, 0x000000008a400000|100%|HS|  |TAMS 0x000000008a400000| PB 0x000000008a300000| Complete 
| 164|0x000000008a400000, 0x000000008a500000, 0x000000008a500000|100%|HC|  |TAMS 0x000000008a500000| PB 0x000000008a400000| Complete 
| 165|0x000000008a500000, 0x000000008a600000, 0x000000008a600000|100%|HC|  |TAMS 0x000000008a600000| PB 0x000000008a500000| Complete 
| 166|0x000000008a600000, 0x000000008a700000, 0x000000008a700000|100%|HC|  |TAMS 0x000000008a700000| PB 0x000000008a600000| Complete 
| 167|0x000000008a700000, 0x000000008a800000, 0x000000008a800000|100%|HS|  |TAMS 0x000000008a800000| PB 0x000000008a700000| Complete 
| 168|0x000000008a800000, 0x000000008a900000, 0x000000008a900000|100%|HC|  |TAMS 0x000000008a900000| PB 0x000000008a800000| Complete 
| 169|0x000000008a900000, 0x000000008aa00000, 0x000000008aa00000|100%|HC|  |TAMS 0x000000008aa00000| PB 0x000000008a900000| Complete 
| 170|0x000000008aa00000, 0x000000008ab00000, 0x000000008ab00000|100%|HC|  |TAMS 0x000000008ab00000| PB 0x000000008aa00000| Complete 
| 171|0x000000008ab00000, 0x000000008ac00000, 0x000000008ac00000|100%|HS|  |TAMS 0x000000008ac00000| PB 0x000000008ab00000| Complete 
| 172|0x000000008ac00000, 0x000000008ad00000, 0x000000008ad00000|100%|HC|  |TAMS 0x000000008ad00000| PB 0x000000008ac00000| Complete 
| 173|0x000000008ad00000, 0x000000008ae00000, 0x000000008ae00000|100%|HC|  |TAMS 0x000000008ae00000| PB 0x000000008ad00000| Complete 
| 174|0x000000008ae00000, 0x000000008af00000, 0x000000008af00000|100%|HC|  |TAMS 0x000000008af00000| PB 0x000000008ae00000| Complete 
| 175|0x000000008af00000, 0x000000008b000000, 0x000000008b000000|100%|HS|  |TAMS 0x000000008b000000| PB 0x000000008af00000| Complete 
| 176|0x000000008b000000, 0x000000008b100000, 0x000000008b100000|100%|HC|  |TAMS 0x000000008b100000| PB 0x000000008b000000| Complete 
| 177|0x000000008b100000, 0x000000008b200000, 0x000000008b200000|100%|HC|  |TAMS 0x000000008b200000| PB 0x000000008b100000| Complete 
| 178|0x000000008b200000, 0x000000008b300000, 0x000000008b300000|100%|HC|  |TAMS 0x000000008b300000| PB 0x000000008b200000| Complete 
| 179|0x000000008b300000, 0x000000008b400000, 0x000000008b400000|100%|HS|  |TAMS 0x000000008b400000| PB 0x000000008b300000| Complete 
| 180|0x000000008b400000, 0x000000008b500000, 0x000000008b500000|100%|HC|  |TAMS 0x000000008b500000| PB 0x000000008b400000| Complete 
| 181|0x000000008b500000, 0x000000008b600000, 0x000000008b600000|100%|HC|  |TAMS 0x000000008b600000| PB 0x000000008b500000| Complete 
| 182|0x000000008b600000, 0x000000008b700000, 0x000000008b700000|100%|HC|  |TAMS 0x000000008b700000| PB 0x000000008b600000| Complete 
| 183|0x000000008b700000, 0x000000008b800000, 0x000000008b800000|100%|HS|  |TAMS 0x000000008b800000| PB 0x000000008b700000| Complete 
| 184|0x000000008b800000, 0x000000008b900000, 0x000000008b900000|100%|HC|  |TAMS 0x000000008b900000| PB 0x000000008b800000| Complete 
| 185|0x000000008b900000, 0x000000008ba00000, 0x000000008ba00000|100%|HC|  |TAMS 0x000000008ba00000| PB 0x000000008b900000| Complete 
| 186|0x000000008ba00000, 0x000000008bb00000, 0x000000008bb00000|100%|HC|  |TAMS 0x000000008bb00000| PB 0x000000008ba00000| Complete 
| 187|0x000000008bb00000, 0x000000008bc00000, 0x000000008bc00000|100%|HS|  |TAMS 0x000000008bc00000| PB 0x000000008bb00000| Complete 
| 188|0x000000008bc00000, 0x000000008bd00000, 0x000000008bd00000|100%|HC|  |TAMS 0x000000008bd00000| PB 0x000000008bc00000| Complete 
| 189|0x000000008bd00000, 0x000000008be00000, 0x000000008be00000|100%|HC|  |TAMS 0x000000008be00000| PB 0x000000008bd00000| Complete 
| 190|0x000000008be00000, 0x000000008bf00000, 0x000000008bf00000|100%|HC|  |TAMS 0x000000008bf00000| PB 0x000000008be00000| Complete 
| 191|0x000000008bf00000, 0x000000008c000000, 0x000000008c000000|100%|HS|  |TAMS 0x000000008c000000| PB 0x000000008bf00000| Complete 
| 192|0x000000008c000000, 0x000000008c100000, 0x000000008c100000|100%|HC|  |TAMS 0x000000008c100000| PB 0x000000008c000000| Complete 
| 193|0x000000008c100000, 0x000000008c200000, 0x000000008c200000|100%|HC|  |TAMS 0x000000008c200000| PB 0x000000008c100000| Complete 
| 194|0x000000008c200000, 0x000000008c300000, 0x000000008c300000|100%|HC|  |TAMS 0x000000008c300000| PB 0x000000008c200000| Complete 
| 195|0x000000008c300000, 0x000000008c400000, 0x000000008c400000|100%|HS|  |TAMS 0x000000008c400000| PB 0x000000008c300000| Complete 
| 196|0x000000008c400000, 0x000000008c500000, 0x000000008c500000|100%|HC|  |TAMS 0x000000008c500000| PB 0x000000008c400000| Complete 
| 197|0x000000008c500000, 0x000000008c600000, 0x000000008c600000|100%|HC|  |TAMS 0x000000008c600000| PB 0x000000008c500000| Complete 
| 198|0x000000008c600000, 0x000000008c700000, 0x000000008c700000|100%|HC|  |TAMS 0x000000008c700000| PB 0x000000008c600000| Complete 
| 199|0x000000008c700000, 0x000000008c800000, 0x000000008c800000|100%|HS|  |TAMS 0x000000008c800000| PB 0x000000008c700000| Complete 
| 200|0x000000008c800000, 0x000000008c900000, 0x000000008c900000|100%|HC|  |TAMS 0x000000008c900000| PB 0x000000008c800000| Complete 
| 201|0x000000008c900000, 0x000000008ca00000, 0x000000008ca00000|100%|HC|  |TAMS 0x000000008ca00000| PB 0x000000008c900000| Complete 
| 202|0x000000008ca00000, 0x000000008cb00000, 0x000000008cb00000|100%|HC|  |TAMS 0x000000008cb00000| PB 0x000000008ca00000| Complete 
| 203|0x000000008cb00000, 0x000000008cc00000, 0x000000008cc00000|100%|HS|  |TAMS 0x000000008cc00000| PB 0x000000008cb00000| Complete 
| 204|0x000000008cc00000, 0x000000008cd00000, 0x000000008cd00000|100%|HC|  |TAMS 0x000000008cd00000| PB 0x000000008cc00000| Complete 
| 205|0x000000008cd00000, 0x000000008ce00000, 0x000000008ce00000|100%|HC|  |TAMS 0x000000008ce00000| PB 0x000000008cd00000| Complete 
| 206|0x000000008ce00000, 0x000000008cf00000, 0x000000008cf00000|100%|HC|  |TAMS 0x000000008cf00000| PB 0x000000008ce00000| Complete 
| 207|0x000000008cf00000, 0x000000008d000000, 0x000000008d000000|100%|HS|  |TAMS 0x000000008d000000| PB 0x000000008cf00000| Complete 
| 208|0x000000008d000000, 0x000000008d100000, 0x000000008d100000|100%|HC|  |TAMS 0x000000008d100000| PB 0x000000008d000000| Complete 
| 209|0x000000008d100000, 0x000000008d200000, 0x000000008d200000|100%|HC|  |TAMS 0x000000008d200000| PB 0x000000008d100000| Complete 
| 210|0x000000008d200000, 0x000000008d300000, 0x000000008d300000|100%|HC|  |TAMS 0x000000008d300000| PB 0x000000008d200000| Complete 
| 211|0x000000008d300000, 0x000000008d400000, 0x000000008d400000|100%|HS|  |TAMS 0x000000008d400000| PB 0x000000008d300000| Complete 
| 212|0x000000008d400000, 0x000000008d500000, 0x000000008d500000|100%|HC|  |TAMS 0x000000008d500000| PB 0x000000008d400000| Complete 
| 213|0x000000008d500000, 0x000000008d600000, 0x000000008d600000|100%|HC|  |TAMS 0x000000008d600000| PB 0x000000008d500000| Complete 
| 214|0x000000008d600000, 0x000000008d700000, 0x000000008d700000|100%|HC|  |TAMS 0x000000008d700000| PB 0x000000008d600000| Complete 
| 215|0x000000008d700000, 0x000000008d800000, 0x000000008d800000|100%|HS|  |TAMS 0x000000008d800000| PB 0x000000008d700000| Complete 
| 216|0x000000008d800000, 0x000000008d900000, 0x000000008d900000|100%|HC|  |TAMS 0x000000008d900000| PB 0x000000008d800000| Complete 
| 217|0x000000008d900000, 0x000000008da00000, 0x000000008da00000|100%|HC|  |TAMS 0x000000008da00000| PB 0x000000008d900000| Complete 
| 218|0x000000008da00000, 0x000000008db00000, 0x000000008db00000|100%|HC|  |TAMS 0x000000008db00000| PB 0x000000008da00000| Complete 
| 219|0x000000008db00000, 0x000000008dc00000, 0x000000008dc00000|100%|HS|  |TAMS 0x000000008dc00000| PB 0x000000008db00000| Complete 
| 220|0x000000008dc00000, 0x000000008dd00000, 0x000000008dd00000|100%|HC|  |TAMS 0x000000008dd00000| PB 0x000000008dc00000| Complete 
| 221|0x000000008dd00000, 0x000000008de00000, 0x000000008de00000|100%|HC|  |TAMS 0x000000008de00000| PB 0x000000008dd00000| Complete 
| 222|0x000000008de00000, 0x000000008df00000, 0x000000008df00000|100%|HC|  |TAMS 0x000000008df00000| PB 0x000000008de00000| Complete 
| 223|0x000000008df00000, 0x000000008e000000, 0x000000008e000000|100%|HS|  |TAMS 0x000000008e000000| PB 0x000000008df00000| Complete 
| 224|0x000000008e000000, 0x000000008e100000, 0x000000008e100000|100%|HC|  |TAMS 0x000000008e100000| PB 0x000000008e000000| Complete 
| 225|0x000000008e100000, 0x000000008e200000, 0x000000008e200000|100%|HC|  |TAMS 0x000000008e200000| PB 0x000000008e100000| Complete 
| 226|0x000000008e200000, 0x000000008e300000, 0x000000008e300000|100%|HC|  |TAMS 0x000000008e300000| PB 0x000000008e200000| Complete 
| 227|0x000000008e300000, 0x000000008e400000, 0x000000008e400000|100%| O|  |TAMS 0x000000008e300000| PB 0x000000008e300000| Untracked 
| 228|0x000000008e400000, 0x000000008e500000, 0x000000008e500000|100%| O|  |TAMS 0x000000008e400000| PB 0x000000008e400000| Untracked 
| 229|0x000000008e500000, 0x000000008e600000, 0x000000008e600000|100%| O|  |TAMS 0x000000008e500000| PB 0x000000008e500000| Untracked 
| 230|0x000000008e600000, 0x000000008e691b30, 0x000000008e700000| 56%| O|  |TAMS 0x000000008e600000| PB 0x000000008e600000| Untracked 
| 231|0x000000008e700000, 0x000000008e700000, 0x000000008e800000|  0%| F|  |TAMS 0x000000008e700000| PB 0x000000008e700000| Untracked 
| 232|0x000000008e800000, 0x000000008e800000, 0x000000008e900000|  0%| F|  |TAMS 0x000000008e800000| PB 0x000000008e800000| Untracked 
| 233|0x000000008e900000, 0x000000008e900000, 0x000000008ea00000|  0%| F|  |TAMS 0x000000008e900000| PB 0x000000008e900000| Untracked 
| 234|0x000000008ea00000, 0x000000008ea00000, 0x000000008eb00000|  0%| F|  |TAMS 0x000000008ea00000| PB 0x000000008ea00000| Untracked 
| 235|0x000000008eb00000, 0x000000008eb00000, 0x000000008ec00000|  0%| F|  |TAMS 0x000000008eb00000| PB 0x000000008eb00000| Untracked 
| 236|0x000000008ec00000, 0x000000008ec00000, 0x000000008ed00000|  0%| F|  |TAMS 0x000000008ec00000| PB 0x000000008ec00000| Untracked 
| 237|0x000000008ed00000, 0x000000008ed00000, 0x000000008ee00000|  0%| F|  |TAMS 0x000000008ed00000| PB 0x000000008ed00000| Untracked 
| 238|0x000000008ee00000, 0x000000008ee00000, 0x000000008ef00000|  0%| F|  |TAMS 0x000000008ee00000| PB 0x000000008ee00000| Untracked 
| 239|0x000000008ef00000, 0x000000008ef00000, 0x000000008f000000|  0%| F|  |TAMS 0x000000008ef00000| PB 0x000000008ef00000| Untracked 
| 240|0x000000008f000000, 0x000000008f000000, 0x000000008f100000|  0%| F|  |TAMS 0x000000008f000000| PB 0x000000008f000000| Untracked 
| 241|0x000000008f100000, 0x000000008f100000, 0x000000008f200000|  0%| F|  |TAMS 0x000000008f100000| PB 0x000000008f100000| Untracked 
| 242|0x000000008f200000, 0x000000008f200000, 0x000000008f300000|  0%| F|  |TAMS 0x000000008f200000| PB 0x000000008f200000| Untracked 
| 243|0x000000008f300000, 0x000000008f300000, 0x000000008f400000|  0%| F|  |TAMS 0x000000008f300000| PB 0x000000008f300000| Untracked 
| 244|0x000000008f400000, 0x000000008f400000, 0x000000008f500000|  0%| F|  |TAMS 0x000000008f400000| PB 0x000000008f400000| Untracked 
| 245|0x000000008f500000, 0x000000008f500000, 0x000000008f600000|  0%| F|  |TAMS 0x000000008f500000| PB 0x000000008f500000| Untracked 
| 246|0x000000008f600000, 0x000000008f600000, 0x000000008f700000|  0%| F|  |TAMS 0x000000008f600000| PB 0x000000008f600000| Untracked 
| 247|0x000000008f700000, 0x000000008f700000, 0x000000008f800000|  0%| F|  |TAMS 0x000000008f700000| PB 0x000000008f700000| Untracked 
| 248|0x000000008f800000, 0x000000008f800000, 0x000000008f900000|  0%| F|  |TAMS 0x000000008f800000| PB 0x000000008f800000| Untracked 
| 249|0x000000008f900000, 0x000000008f900000, 0x000000008fa00000|  0%| F|  |TAMS 0x000000008f900000| PB 0x000000008f900000| Untracked 
| 250|0x000000008fa00000, 0x000000008fa00000, 0x000000008fb00000|  0%| F|  |TAMS 0x000000008fa00000| PB 0x000000008fa00000| Untracked 
| 251|0x000000008fb00000, 0x000000008fb00000, 0x000000008fc00000|  0%| F|  |TAMS 0x000000008fb00000| PB 0x000000008fb00000| Untracked 
| 252|0x000000008fc00000, 0x000000008fc00000, 0x000000008fd00000|  0%| F|  |TAMS 0x000000008fc00000| PB 0x000000008fc00000| Untracked 
| 253|0x000000008fd00000, 0x000000008fd00000, 0x000000008fe00000|  0%| F|  |TAMS 0x000000008fd00000| PB 0x000000008fd00000| Untracked 
| 254|0x000000008fe00000, 0x000000008fe00000, 0x000000008ff00000|  0%| F|  |TAMS 0x000000008fe00000| PB 0x000000008fe00000| Untracked 
| 255|0x000000008ff00000, 0x000000008ff00000, 0x0000000090000000|  0%| F|  |TAMS 0x000000008ff00000| PB 0x000000008ff00000| Untracked 
| 256|0x0000000090000000, 0x0000000090000000, 0x0000000090100000|  0%| F|  |TAMS 0x0000000090000000| PB 0x0000000090000000| Untracked 
| 257|0x0000000090100000, 0x0000000090100000, 0x0000000090200000|  0%| F|  |TAMS 0x0000000090100000| PB 0x0000000090100000| Untracked 
| 258|0x0000000090200000, 0x0000000090200000, 0x0000000090300000|  0%| F|  |TAMS 0x0000000090200000| PB 0x0000000090200000| Untracked 
| 259|0x0000000090300000, 0x0000000090300000, 0x0000000090400000|  0%| F|  |TAMS 0x0000000090300000| PB 0x0000000090300000| Untracked 
| 260|0x0000000090400000, 0x0000000090400000, 0x0000000090500000|  0%| F|  |TAMS 0x0000000090400000| PB 0x0000000090400000| Untracked 
| 261|0x0000000090500000, 0x0000000090500000, 0x0000000090600000|  0%| F|  |TAMS 0x0000000090500000| PB 0x0000000090500000| Untracked 
| 262|0x0000000090600000, 0x0000000090600000, 0x0000000090700000|  0%| F|  |TAMS 0x0000000090600000| PB 0x0000000090600000| Untracked 
| 263|0x0000000090700000, 0x0000000090700000, 0x0000000090800000|  0%| F|  |TAMS 0x0000000090700000| PB 0x0000000090700000| Untracked 
| 264|0x0000000090800000, 0x0000000090800000, 0x0000000090900000|  0%| F|  |TAMS 0x0000000090800000| PB 0x0000000090800000| Untracked 
| 265|0x0000000090900000, 0x0000000090900000, 0x0000000090a00000|  0%| F|  |TAMS 0x0000000090900000| PB 0x0000000090900000| Untracked 
| 266|0x0000000090a00000, 0x0000000090a00000, 0x0000000090b00000|  0%| F|  |TAMS 0x0000000090a00000| PB 0x0000000090a00000| Untracked 
| 267|0x0000000090b00000, 0x0000000090b00000, 0x0000000090c00000|  0%| F|  |TAMS 0x0000000090b00000| PB 0x0000000090b00000| Untracked 
| 268|0x0000000090c00000, 0x0000000090c00000, 0x0000000090d00000|  0%| F|  |TAMS 0x0000000090c00000| PB 0x0000000090c00000| Untracked 
| 269|0x0000000090d00000, 0x0000000090d00000, 0x0000000090e00000|  0%| F|  |TAMS 0x0000000090d00000| PB 0x0000000090d00000| Untracked 
| 270|0x0000000090e00000, 0x0000000090e00000, 0x0000000090f00000|  0%| F|  |TAMS 0x0000000090e00000| PB 0x0000000090e00000| Untracked 
| 271|0x0000000090f00000, 0x0000000090f00000, 0x0000000091000000|  0%| F|  |TAMS 0x0000000090f00000| PB 0x0000000090f00000| Untracked 
| 272|0x0000000091000000, 0x0000000091000000, 0x0000000091100000|  0%| F|  |TAMS 0x0000000091000000| PB 0x0000000091000000| Untracked 
| 273|0x0000000091100000, 0x0000000091100000, 0x0000000091200000|  0%| F|  |TAMS 0x0000000091100000| PB 0x0000000091100000| Untracked 
| 274|0x0000000091200000, 0x0000000091200000, 0x0000000091300000|  0%| F|  |TAMS 0x0000000091200000| PB 0x0000000091200000| Untracked 
| 275|0x0000000091300000, 0x0000000091300000, 0x0000000091400000|  0%| F|  |TAMS 0x0000000091300000| PB 0x0000000091300000| Untracked 
| 276|0x0000000091400000, 0x0000000091400000, 0x0000000091500000|  0%| F|  |TAMS 0x0000000091400000| PB 0x0000000091400000| Untracked 
| 277|0x0000000091500000, 0x0000000091500000, 0x0000000091600000|  0%| F|  |TAMS 0x0000000091500000| PB 0x0000000091500000| Untracked 
| 278|0x0000000091600000, 0x0000000091600000, 0x0000000091700000|  0%| F|  |TAMS 0x0000000091600000| PB 0x0000000091600000| Untracked 
| 279|0x0000000091700000, 0x0000000091700000, 0x0000000091800000|  0%| F|  |TAMS 0x0000000091700000| PB 0x0000000091700000| Untracked 
| 280|0x0000000091800000, 0x0000000091800000, 0x0000000091900000|  0%| F|  |TAMS 0x0000000091800000| PB 0x0000000091800000| Untracked 
| 281|0x0000000091900000, 0x0000000091900000, 0x0000000091a00000|  0%| F|  |TAMS 0x0000000091900000| PB 0x0000000091900000| Untracked 
| 282|0x0000000091a00000, 0x0000000091a00000, 0x0000000091b00000|  0%| F|  |TAMS 0x0000000091a00000| PB 0x0000000091a00000| Untracked 
| 283|0x0000000091b00000, 0x0000000091b00000, 0x0000000091c00000|  0%| F|  |TAMS 0x0000000091b00000| PB 0x0000000091b00000| Untracked 
| 284|0x0000000091c00000, 0x0000000091c00000, 0x0000000091d00000|  0%| F|  |TAMS 0x0000000091c00000| PB 0x0000000091c00000| Untracked 
| 285|0x0000000091d00000, 0x0000000091d00000, 0x0000000091e00000|  0%| F|  |TAMS 0x0000000091d00000| PB 0x0000000091d00000| Untracked 
| 286|0x0000000091e00000, 0x0000000091e00000, 0x0000000091f00000|  0%| F|  |TAMS 0x0000000091e00000| PB 0x0000000091e00000| Untracked 
| 287|0x0000000091f00000, 0x0000000091f00000, 0x0000000092000000|  0%| F|  |TAMS 0x0000000091f00000| PB 0x0000000091f00000| Untracked 
| 288|0x0000000092000000, 0x0000000092000000, 0x0000000092100000|  0%| F|  |TAMS 0x0000000092000000| PB 0x0000000092000000| Untracked 
| 289|0x0000000092100000, 0x0000000092100000, 0x0000000092200000|  0%| F|  |TAMS 0x0000000092100000| PB 0x0000000092100000| Untracked 
| 290|0x0000000092200000, 0x0000000092200000, 0x0000000092300000|  0%| F|  |TAMS 0x0000000092200000| PB 0x0000000092200000| Untracked 
| 291|0x0000000092300000, 0x0000000092300000, 0x0000000092400000|  0%| F|  |TAMS 0x0000000092300000| PB 0x0000000092300000| Untracked 
| 292|0x0000000092400000, 0x0000000092400000, 0x0000000092500000|  0%| F|  |TAMS 0x0000000092400000| PB 0x0000000092400000| Untracked 
| 293|0x0000000092500000, 0x0000000092500000, 0x0000000092600000|  0%| F|  |TAMS 0x0000000092500000| PB 0x0000000092500000| Untracked 
| 294|0x0000000092600000, 0x0000000092600000, 0x0000000092700000|  0%| F|  |TAMS 0x0000000092600000| PB 0x0000000092600000| Untracked 
| 295|0x0000000092700000, 0x0000000092700000, 0x0000000092800000|  0%| F|  |TAMS 0x0000000092700000| PB 0x0000000092700000| Untracked 
| 296|0x0000000092800000, 0x0000000092800000, 0x0000000092900000|  0%| F|  |TAMS 0x0000000092800000| PB 0x0000000092800000| Untracked 
| 297|0x0000000092900000, 0x0000000092900000, 0x0000000092a00000|  0%| F|  |TAMS 0x0000000092900000| PB 0x0000000092900000| Untracked 
| 298|0x0000000092a00000, 0x0000000092a00000, 0x0000000092b00000|  0%| F|  |TAMS 0x0000000092a00000| PB 0x0000000092a00000| Untracked 
| 299|0x0000000092b00000, 0x0000000092b00000, 0x0000000092c00000|  0%| F|  |TAMS 0x0000000092b00000| PB 0x0000000092b00000| Untracked 
| 300|0x0000000092c00000, 0x0000000092c00000, 0x0000000092d00000|  0%| F|  |TAMS 0x0000000092c00000| PB 0x0000000092c00000| Untracked 
| 301|0x0000000092d00000, 0x0000000092d00000, 0x0000000092e00000|  0%| F|  |TAMS 0x0000000092d00000| PB 0x0000000092d00000| Untracked 
| 302|0x0000000092e00000, 0x0000000092e00000, 0x0000000092f00000|  0%| F|  |TAMS 0x0000000092e00000| PB 0x0000000092e00000| Untracked 
| 303|0x0000000092f00000, 0x0000000092f00000, 0x0000000093000000|  0%| F|  |TAMS 0x0000000092f00000| PB 0x0000000092f00000| Untracked 
| 304|0x0000000093000000, 0x0000000093000000, 0x0000000093100000|  0%| F|  |TAMS 0x0000000093000000| PB 0x0000000093000000| Untracked 
| 305|0x0000000093100000, 0x0000000093100000, 0x0000000093200000|  0%| F|  |TAMS 0x0000000093100000| PB 0x0000000093100000| Untracked 
| 306|0x0000000093200000, 0x0000000093200000, 0x0000000093300000|  0%| F|  |TAMS 0x0000000093200000| PB 0x0000000093200000| Untracked 
| 307|0x0000000093300000, 0x0000000093300000, 0x0000000093400000|  0%| F|  |TAMS 0x0000000093300000| PB 0x0000000093300000| Untracked 
| 308|0x0000000093400000, 0x0000000093400000, 0x0000000093500000|  0%| F|  |TAMS 0x0000000093400000| PB 0x0000000093400000| Untracked 
| 309|0x0000000093500000, 0x0000000093500000, 0x0000000093600000|  0%| F|  |TAMS 0x0000000093500000| PB 0x0000000093500000| Untracked 
| 310|0x0000000093600000, 0x0000000093600000, 0x0000000093700000|  0%| F|  |TAMS 0x0000000093600000| PB 0x0000000093600000| Untracked 
| 311|0x0000000093700000, 0x0000000093700000, 0x0000000093800000|  0%| F|  |TAMS 0x0000000093700000| PB 0x0000000093700000| Untracked 
| 312|0x0000000093800000, 0x0000000093800000, 0x0000000093900000|  0%| F|  |TAMS 0x0000000093800000| PB 0x0000000093800000| Untracked 
| 313|0x0000000093900000, 0x0000000093900000, 0x0000000093a00000|  0%| F|  |TAMS 0x0000000093900000| PB 0x0000000093900000| Untracked 
| 314|0x0000000093a00000, 0x0000000093a00000, 0x0000000093b00000|  0%| F|  |TAMS 0x0000000093a00000| PB 0x0000000093a00000| Untracked 
| 315|0x0000000093b00000, 0x0000000093b00000, 0x0000000093c00000|  0%| F|  |TAMS 0x0000000093b00000| PB 0x0000000093b00000| Untracked 
| 316|0x0000000093c00000, 0x0000000093c00000, 0x0000000093d00000|  0%| F|  |TAMS 0x0000000093c00000| PB 0x0000000093c00000| Untracked 
| 317|0x0000000093d00000, 0x0000000093d00000, 0x0000000093e00000|  0%| F|  |TAMS 0x0000000093d00000| PB 0x0000000093d00000| Untracked 
| 318|0x0000000093e00000, 0x0000000093e00000, 0x0000000093f00000|  0%| F|  |TAMS 0x0000000093e00000| PB 0x0000000093e00000| Untracked 
| 319|0x0000000093f00000, 0x0000000093f00000, 0x0000000094000000|  0%| F|  |TAMS 0x0000000093f00000| PB 0x0000000093f00000| Untracked 
| 320|0x0000000094000000, 0x0000000094000000, 0x0000000094100000|  0%| F|  |TAMS 0x0000000094000000| PB 0x0000000094000000| Untracked 
| 321|0x0000000094100000, 0x0000000094100000, 0x0000000094200000|  0%| F|  |TAMS 0x0000000094100000| PB 0x0000000094100000| Untracked 
| 322|0x0000000094200000, 0x0000000094200000, 0x0000000094300000|  0%| F|  |TAMS 0x0000000094200000| PB 0x0000000094200000| Untracked 
| 323|0x0000000094300000, 0x0000000094300000, 0x0000000094400000|  0%| F|  |TAMS 0x0000000094300000| PB 0x0000000094300000| Untracked 
| 324|0x0000000094400000, 0x0000000094400000, 0x0000000094500000|  0%| F|  |TAMS 0x0000000094400000| PB 0x0000000094400000| Untracked 
| 325|0x0000000094500000, 0x0000000094500000, 0x0000000094600000|  0%| F|  |TAMS 0x0000000094500000| PB 0x0000000094500000| Untracked 
| 326|0x0000000094600000, 0x0000000094600000, 0x0000000094700000|  0%| F|  |TAMS 0x0000000094600000| PB 0x0000000094600000| Untracked 
| 327|0x0000000094700000, 0x0000000094700000, 0x0000000094800000|  0%| F|  |TAMS 0x0000000094700000| PB 0x0000000094700000| Untracked 
| 328|0x0000000094800000, 0x0000000094800000, 0x0000000094900000|  0%| F|  |TAMS 0x0000000094800000| PB 0x0000000094800000| Untracked 
| 329|0x0000000094900000, 0x0000000094900000, 0x0000000094a00000|  0%| F|  |TAMS 0x0000000094900000| PB 0x0000000094900000| Untracked 
| 330|0x0000000094a00000, 0x0000000094a00000, 0x0000000094b00000|  0%| F|  |TAMS 0x0000000094a00000| PB 0x0000000094a00000| Untracked 
| 331|0x0000000094b00000, 0x0000000094b00000, 0x0000000094c00000|  0%| F|  |TAMS 0x0000000094b00000| PB 0x0000000094b00000| Untracked 
| 332|0x0000000094c00000, 0x0000000094c00000, 0x0000000094d00000|  0%| F|  |TAMS 0x0000000094c00000| PB 0x0000000094c00000| Untracked 
| 333|0x0000000094d00000, 0x0000000094d00000, 0x0000000094e00000|  0%| F|  |TAMS 0x0000000094d00000| PB 0x0000000094d00000| Untracked 
| 334|0x0000000094e00000, 0x0000000094e00000, 0x0000000094f00000|  0%| F|  |TAMS 0x0000000094e00000| PB 0x0000000094e00000| Untracked 
| 335|0x0000000094f00000, 0x0000000094f00000, 0x0000000095000000|  0%| F|  |TAMS 0x0000000094f00000| PB 0x0000000094f00000| Untracked 
| 336|0x0000000095000000, 0x0000000095000000, 0x0000000095100000|  0%| F|  |TAMS 0x0000000095000000| PB 0x0000000095000000| Untracked 
| 337|0x0000000095100000, 0x0000000095100000, 0x0000000095200000|  0%| F|  |TAMS 0x0000000095100000| PB 0x0000000095100000| Untracked 
| 338|0x0000000095200000, 0x0000000095200000, 0x0000000095300000|  0%| F|  |TAMS 0x0000000095200000| PB 0x0000000095200000| Untracked 
| 339|0x0000000095300000, 0x0000000095300000, 0x0000000095400000|  0%| F|  |TAMS 0x0000000095300000| PB 0x0000000095300000| Untracked 
| 340|0x0000000095400000, 0x0000000095400000, 0x0000000095500000|  0%| F|  |TAMS 0x0000000095400000| PB 0x0000000095400000| Untracked 
| 341|0x0000000095500000, 0x0000000095500000, 0x0000000095600000|  0%| F|  |TAMS 0x0000000095500000| PB 0x0000000095500000| Untracked 
| 342|0x0000000095600000, 0x0000000095600000, 0x0000000095700000|  0%| F|  |TAMS 0x0000000095600000| PB 0x0000000095600000| Untracked 
| 343|0x0000000095700000, 0x0000000095700000, 0x0000000095800000|  0%| F|  |TAMS 0x0000000095700000| PB 0x0000000095700000| Untracked 
| 344|0x0000000095800000, 0x0000000095800000, 0x0000000095900000|  0%| F|  |TAMS 0x0000000095800000| PB 0x0000000095800000| Untracked 
| 345|0x0000000095900000, 0x0000000095900000, 0x0000000095a00000|  0%| F|  |TAMS 0x0000000095900000| PB 0x0000000095900000| Untracked 
| 346|0x0000000095a00000, 0x0000000095a00000, 0x0000000095b00000|  0%| F|  |TAMS 0x0000000095a00000| PB 0x0000000095a00000| Untracked 
| 347|0x0000000095b00000, 0x0000000095b00000, 0x0000000095c00000|  0%| F|  |TAMS 0x0000000095b00000| PB 0x0000000095b00000| Untracked 
| 348|0x0000000095c00000, 0x0000000095c00000, 0x0000000095d00000|  0%| F|  |TAMS 0x0000000095c00000| PB 0x0000000095c00000| Untracked 
| 349|0x0000000095d00000, 0x0000000095d00000, 0x0000000095e00000|  0%| F|  |TAMS 0x0000000095d00000| PB 0x0000000095d00000| Untracked 
| 350|0x0000000095e00000, 0x0000000095e00000, 0x0000000095f00000|  0%| F|  |TAMS 0x0000000095e00000| PB 0x0000000095e00000| Untracked 
| 351|0x0000000095f00000, 0x0000000095f00000, 0x0000000096000000|  0%| F|  |TAMS 0x0000000095f00000| PB 0x0000000095f00000| Untracked 
| 352|0x0000000096000000, 0x0000000096000000, 0x0000000096100000|  0%| F|  |TAMS 0x0000000096000000| PB 0x0000000096000000| Untracked 
| 353|0x0000000096100000, 0x0000000096100000, 0x0000000096200000|  0%| F|  |TAMS 0x0000000096100000| PB 0x0000000096100000| Untracked 
| 354|0x0000000096200000, 0x0000000096200000, 0x0000000096300000|  0%| F|  |TAMS 0x0000000096200000| PB 0x0000000096200000| Untracked 
| 355|0x0000000096300000, 0x0000000096300000, 0x0000000096400000|  0%| F|  |TAMS 0x0000000096300000| PB 0x0000000096300000| Untracked 
| 356|0x0000000096400000, 0x0000000096400000, 0x0000000096500000|  0%| F|  |TAMS 0x0000000096400000| PB 0x0000000096400000| Untracked 
| 357|0x0000000096500000, 0x0000000096500000, 0x0000000096600000|  0%| F|  |TAMS 0x0000000096500000| PB 0x0000000096500000| Untracked 
| 358|0x0000000096600000, 0x0000000096600000, 0x0000000096700000|  0%| F|  |TAMS 0x0000000096600000| PB 0x0000000096600000| Untracked 
| 359|0x0000000096700000, 0x0000000096700000, 0x0000000096800000|  0%| F|  |TAMS 0x0000000096700000| PB 0x0000000096700000| Untracked 
| 360|0x0000000096800000, 0x0000000096800000, 0x0000000096900000|  0%| F|  |TAMS 0x0000000096800000| PB 0x0000000096800000| Untracked 
| 361|0x0000000096900000, 0x0000000096900000, 0x0000000096a00000|  0%| F|  |TAMS 0x0000000096900000| PB 0x0000000096900000| Untracked 
| 362|0x0000000096a00000, 0x0000000096a00000, 0x0000000096b00000|  0%| F|  |TAMS 0x0000000096a00000| PB 0x0000000096a00000| Untracked 
| 363|0x0000000096b00000, 0x0000000096b00000, 0x0000000096c00000|  0%| F|  |TAMS 0x0000000096b00000| PB 0x0000000096b00000| Untracked 
| 364|0x0000000096c00000, 0x0000000096c00000, 0x0000000096d00000|  0%| F|  |TAMS 0x0000000096c00000| PB 0x0000000096c00000| Untracked 
| 365|0x0000000096d00000, 0x0000000096d00000, 0x0000000096e00000|  0%| F|  |TAMS 0x0000000096d00000| PB 0x0000000096d00000| Untracked 
| 366|0x0000000096e00000, 0x0000000096e00000, 0x0000000096f00000|  0%| F|  |TAMS 0x0000000096e00000| PB 0x0000000096e00000| Untracked 
| 367|0x0000000096f00000, 0x0000000096f00000, 0x0000000097000000|  0%| F|  |TAMS 0x0000000096f00000| PB 0x0000000096f00000| Untracked 
| 368|0x0000000097000000, 0x0000000097000000, 0x0000000097100000|  0%| F|  |TAMS 0x0000000097000000| PB 0x0000000097000000| Untracked 
| 369|0x0000000097100000, 0x0000000097100000, 0x0000000097200000|  0%| F|  |TAMS 0x0000000097100000| PB 0x0000000097100000| Untracked 
| 370|0x0000000097200000, 0x0000000097200000, 0x0000000097300000|  0%| F|  |TAMS 0x0000000097200000| PB 0x0000000097200000| Untracked 
| 371|0x0000000097300000, 0x0000000097300000, 0x0000000097400000|  0%| F|  |TAMS 0x0000000097300000| PB 0x0000000097300000| Untracked 
| 372|0x0000000097400000, 0x0000000097400000, 0x0000000097500000|  0%| F|  |TAMS 0x0000000097400000| PB 0x0000000097400000| Untracked 
| 373|0x0000000097500000, 0x0000000097500000, 0x0000000097600000|  0%| F|  |TAMS 0x0000000097500000| PB 0x0000000097500000| Untracked 
| 374|0x0000000097600000, 0x0000000097600000, 0x0000000097700000|  0%| F|  |TAMS 0x0000000097600000| PB 0x0000000097600000| Untracked 
| 375|0x0000000097700000, 0x0000000097700000, 0x0000000097800000|  0%| F|  |TAMS 0x0000000097700000| PB 0x0000000097700000| Untracked 
| 376|0x0000000097800000, 0x0000000097800000, 0x0000000097900000|  0%| F|  |TAMS 0x0000000097800000| PB 0x0000000097800000| Untracked 
| 377|0x0000000097900000, 0x0000000097900000, 0x0000000097a00000|  0%| F|  |TAMS 0x0000000097900000| PB 0x0000000097900000| Untracked 
| 378|0x0000000097a00000, 0x0000000097a00000, 0x0000000097b00000|  0%| F|  |TAMS 0x0000000097a00000| PB 0x0000000097a00000| Untracked 
| 379|0x0000000097b00000, 0x0000000097b00000, 0x0000000097c00000|  0%| F|  |TAMS 0x0000000097b00000| PB 0x0000000097b00000| Untracked 
| 380|0x0000000097c00000, 0x0000000097c00000, 0x0000000097d00000|  0%| F|  |TAMS 0x0000000097c00000| PB 0x0000000097c00000| Untracked 
| 381|0x0000000097d00000, 0x0000000097d00000, 0x0000000097e00000|  0%| F|  |TAMS 0x0000000097d00000| PB 0x0000000097d00000| Untracked 
| 382|0x0000000097e00000, 0x0000000097e00000, 0x0000000097f00000|  0%| F|  |TAMS 0x0000000097e00000| PB 0x0000000097e00000| Untracked 
| 383|0x0000000097f00000, 0x0000000097f00000, 0x0000000098000000|  0%| F|  |TAMS 0x0000000097f00000| PB 0x0000000097f00000| Untracked 
| 384|0x0000000098000000, 0x0000000098000000, 0x0000000098100000|  0%| F|  |TAMS 0x0000000098000000| PB 0x0000000098000000| Untracked 
| 385|0x0000000098100000, 0x0000000098100000, 0x0000000098200000|  0%| F|  |TAMS 0x0000000098100000| PB 0x0000000098100000| Untracked 
| 386|0x0000000098200000, 0x0000000098200000, 0x0000000098300000|  0%| F|  |TAMS 0x0000000098200000| PB 0x0000000098200000| Untracked 
| 387|0x0000000098300000, 0x0000000098300000, 0x0000000098400000|  0%| F|  |TAMS 0x0000000098300000| PB 0x0000000098300000| Untracked 
| 388|0x0000000098400000, 0x0000000098400000, 0x0000000098500000|  0%| F|  |TAMS 0x0000000098400000| PB 0x0000000098400000| Untracked 
| 389|0x0000000098500000, 0x0000000098500000, 0x0000000098600000|  0%| F|  |TAMS 0x0000000098500000| PB 0x0000000098500000| Untracked 
| 390|0x0000000098600000, 0x0000000098600000, 0x0000000098700000|  0%| F|  |TAMS 0x0000000098600000| PB 0x0000000098600000| Untracked 
| 391|0x0000000098700000, 0x0000000098700000, 0x0000000098800000|  0%| F|  |TAMS 0x0000000098700000| PB 0x0000000098700000| Untracked 
| 392|0x0000000098800000, 0x0000000098800000, 0x0000000098900000|  0%| F|  |TAMS 0x0000000098800000| PB 0x0000000098800000| Untracked 
| 393|0x0000000098900000, 0x0000000098900000, 0x0000000098a00000|  0%| F|  |TAMS 0x0000000098900000| PB 0x0000000098900000| Untracked 
| 394|0x0000000098a00000, 0x0000000098a00000, 0x0000000098b00000|  0%| F|  |TAMS 0x0000000098a00000| PB 0x0000000098a00000| Untracked 
| 395|0x0000000098b00000, 0x0000000098b00000, 0x0000000098c00000|  0%| F|  |TAMS 0x0000000098b00000| PB 0x0000000098b00000| Untracked 
| 396|0x0000000098c00000, 0x0000000098c00000, 0x0000000098d00000|  0%| F|  |TAMS 0x0000000098c00000| PB 0x0000000098c00000| Untracked 
| 397|0x0000000098d00000, 0x0000000098d00000, 0x0000000098e00000|  0%| F|  |TAMS 0x0000000098d00000| PB 0x0000000098d00000| Untracked 
| 398|0x0000000098e00000, 0x0000000098e00000, 0x0000000098f00000|  0%| F|  |TAMS 0x0000000098e00000| PB 0x0000000098e00000| Untracked 
| 399|0x0000000098f00000, 0x0000000098f00000, 0x0000000099000000|  0%| F|  |TAMS 0x0000000098f00000| PB 0x0000000098f00000| Untracked 
| 400|0x0000000099000000, 0x0000000099000000, 0x0000000099100000|  0%| F|  |TAMS 0x0000000099000000| PB 0x0000000099000000| Untracked 
| 401|0x0000000099100000, 0x0000000099100000, 0x0000000099200000|  0%| F|  |TAMS 0x0000000099100000| PB 0x0000000099100000| Untracked 
| 402|0x0000000099200000, 0x0000000099200000, 0x0000000099300000|  0%| F|  |TAMS 0x0000000099200000| PB 0x0000000099200000| Untracked 
| 403|0x0000000099300000, 0x0000000099300000, 0x0000000099400000|  0%| F|  |TAMS 0x0000000099300000| PB 0x0000000099300000| Untracked 
| 404|0x0000000099400000, 0x0000000099400000, 0x0000000099500000|  0%| F|  |TAMS 0x0000000099400000| PB 0x0000000099400000| Untracked 
| 405|0x0000000099500000, 0x0000000099500000, 0x0000000099600000|  0%| F|  |TAMS 0x0000000099500000| PB 0x0000000099500000| Untracked 
| 406|0x0000000099600000, 0x0000000099600000, 0x0000000099700000|  0%| F|  |TAMS 0x0000000099600000| PB 0x0000000099600000| Untracked 
| 407|0x0000000099700000, 0x0000000099700000, 0x0000000099800000|  0%| F|  |TAMS 0x0000000099700000| PB 0x0000000099700000| Untracked 
| 408|0x0000000099800000, 0x0000000099800000, 0x0000000099900000|  0%| F|  |TAMS 0x0000000099800000| PB 0x0000000099800000| Untracked 
| 409|0x0000000099900000, 0x0000000099900000, 0x0000000099a00000|  0%| F|  |TAMS 0x0000000099900000| PB 0x0000000099900000| Untracked 
| 410|0x0000000099a00000, 0x0000000099a00000, 0x0000000099b00000|  0%| F|  |TAMS 0x0000000099a00000| PB 0x0000000099a00000| Untracked 
| 411|0x0000000099b00000, 0x0000000099b00000, 0x0000000099c00000|  0%| F|  |TAMS 0x0000000099b00000| PB 0x0000000099b00000| Untracked 
| 412|0x0000000099c00000, 0x0000000099c00000, 0x0000000099d00000|  0%| F|  |TAMS 0x0000000099c00000| PB 0x0000000099c00000| Untracked 
| 413|0x0000000099d00000, 0x0000000099d00000, 0x0000000099e00000|  0%| F|  |TAMS 0x0000000099d00000| PB 0x0000000099d00000| Untracked 
| 414|0x0000000099e00000, 0x0000000099e00000, 0x0000000099f00000|  0%| F|  |TAMS 0x0000000099e00000| PB 0x0000000099e00000| Untracked 
| 415|0x0000000099f00000, 0x0000000099f00000, 0x000000009a000000|  0%| F|  |TAMS 0x0000000099f00000| PB 0x0000000099f00000| Untracked 
| 416|0x000000009a000000, 0x000000009a000000, 0x000000009a100000|  0%| F|  |TAMS 0x000000009a000000| PB 0x000000009a000000| Untracked 
| 417|0x000000009a100000, 0x000000009a100000, 0x000000009a200000|  0%| F|  |TAMS 0x000000009a100000| PB 0x000000009a100000| Untracked 
| 418|0x000000009a200000, 0x000000009a200000, 0x000000009a300000|  0%| F|  |TAMS 0x000000009a200000| PB 0x000000009a200000| Untracked 
| 419|0x000000009a300000, 0x000000009a300000, 0x000000009a400000|  0%| F|  |TAMS 0x000000009a300000| PB 0x000000009a300000| Untracked 
| 420|0x000000009a400000, 0x000000009a400000, 0x000000009a500000|  0%| F|  |TAMS 0x000000009a400000| PB 0x000000009a400000| Untracked 
| 421|0x000000009a500000, 0x000000009a500000, 0x000000009a600000|  0%| F|  |TAMS 0x000000009a500000| PB 0x000000009a500000| Untracked 
| 422|0x000000009a600000, 0x000000009a600000, 0x000000009a700000|  0%| F|  |TAMS 0x000000009a600000| PB 0x000000009a600000| Untracked 
| 423|0x000000009a700000, 0x000000009a700000, 0x000000009a800000|  0%| F|  |TAMS 0x000000009a700000| PB 0x000000009a700000| Untracked 
| 424|0x000000009a800000, 0x000000009a800000, 0x000000009a900000|  0%| F|  |TAMS 0x000000009a800000| PB 0x000000009a800000| Untracked 
| 425|0x000000009a900000, 0x000000009a900000, 0x000000009aa00000|  0%| F|  |TAMS 0x000000009a900000| PB 0x000000009a900000| Untracked 
| 426|0x000000009aa00000, 0x000000009aa00000, 0x000000009ab00000|  0%| F|  |TAMS 0x000000009aa00000| PB 0x000000009aa00000| Untracked 
| 427|0x000000009ab00000, 0x000000009ab00000, 0x000000009ac00000|  0%| F|  |TAMS 0x000000009ab00000| PB 0x000000009ab00000| Untracked 
| 428|0x000000009ac00000, 0x000000009ac00000, 0x000000009ad00000|  0%| F|  |TAMS 0x000000009ac00000| PB 0x000000009ac00000| Untracked 
| 429|0x000000009ad00000, 0x000000009ad00000, 0x000000009ae00000|  0%| F|  |TAMS 0x000000009ad00000| PB 0x000000009ad00000| Untracked 
| 430|0x000000009ae00000, 0x000000009ae00000, 0x000000009af00000|  0%| F|  |TAMS 0x000000009ae00000| PB 0x000000009ae00000| Untracked 
| 431|0x000000009af00000, 0x000000009af00000, 0x000000009b000000|  0%| F|  |TAMS 0x000000009af00000| PB 0x000000009af00000| Untracked 
| 432|0x000000009b000000, 0x000000009b000000, 0x000000009b100000|  0%| F|  |TAMS 0x000000009b000000| PB 0x000000009b000000| Untracked 
| 433|0x000000009b100000, 0x000000009b100000, 0x000000009b200000|  0%| F|  |TAMS 0x000000009b100000| PB 0x000000009b100000| Untracked 
| 434|0x000000009b200000, 0x000000009b200000, 0x000000009b300000|  0%| F|  |TAMS 0x000000009b200000| PB 0x000000009b200000| Untracked 
| 435|0x000000009b300000, 0x000000009b300000, 0x000000009b400000|  0%| F|  |TAMS 0x000000009b300000| PB 0x000000009b300000| Untracked 
| 436|0x000000009b400000, 0x000000009b400000, 0x000000009b500000|  0%| F|  |TAMS 0x000000009b400000| PB 0x000000009b400000| Untracked 
| 437|0x000000009b500000, 0x000000009b500000, 0x000000009b600000|  0%| F|  |TAMS 0x000000009b500000| PB 0x000000009b500000| Untracked 
| 438|0x000000009b600000, 0x000000009b600000, 0x000000009b700000|  0%| F|  |TAMS 0x000000009b600000| PB 0x000000009b600000| Untracked 
| 439|0x000000009b700000, 0x000000009b700000, 0x000000009b800000|  0%| F|  |TAMS 0x000000009b700000| PB 0x000000009b700000| Untracked 
| 440|0x000000009b800000, 0x000000009b800000, 0x000000009b900000|  0%| F|  |TAMS 0x000000009b800000| PB 0x000000009b800000| Untracked 
| 441|0x000000009b900000, 0x000000009b900000, 0x000000009ba00000|  0%| F|  |TAMS 0x000000009b900000| PB 0x000000009b900000| Untracked 
| 442|0x000000009ba00000, 0x000000009ba00000, 0x000000009bb00000|  0%| F|  |TAMS 0x000000009ba00000| PB 0x000000009ba00000| Untracked 
| 443|0x000000009bb00000, 0x000000009bb00000, 0x000000009bc00000|  0%| F|  |TAMS 0x000000009bb00000| PB 0x000000009bb00000| Untracked 
| 444|0x000000009bc00000, 0x000000009bc00000, 0x000000009bd00000|  0%| F|  |TAMS 0x000000009bc00000| PB 0x000000009bc00000| Untracked 
| 445|0x000000009bd00000, 0x000000009bd00000, 0x000000009be00000|  0%| F|  |TAMS 0x000000009bd00000| PB 0x000000009bd00000| Untracked 
| 446|0x000000009be00000, 0x000000009be00000, 0x000000009bf00000|  0%| F|  |TAMS 0x000000009be00000| PB 0x000000009be00000| Untracked 
| 447|0x000000009bf00000, 0x000000009bf00000, 0x000000009c000000|  0%| F|  |TAMS 0x000000009bf00000| PB 0x000000009bf00000| Untracked 
| 448|0x000000009c000000, 0x000000009c000000, 0x000000009c100000|  0%| F|  |TAMS 0x000000009c000000| PB 0x000000009c000000| Untracked 
| 449|0x000000009c100000, 0x000000009c100000, 0x000000009c200000|  0%| F|  |TAMS 0x000000009c100000| PB 0x000000009c100000| Untracked 
| 450|0x000000009c200000, 0x000000009c200000, 0x000000009c300000|  0%| F|  |TAMS 0x000000009c200000| PB 0x000000009c200000| Untracked 
| 451|0x000000009c300000, 0x000000009c300000, 0x000000009c400000|  0%| F|  |TAMS 0x000000009c300000| PB 0x000000009c300000| Untracked 
| 452|0x000000009c400000, 0x000000009c400000, 0x000000009c500000|  0%| F|  |TAMS 0x000000009c400000| PB 0x000000009c400000| Untracked 
| 453|0x000000009c500000, 0x000000009c500000, 0x000000009c600000|  0%| F|  |TAMS 0x000000009c500000| PB 0x000000009c500000| Untracked 
| 454|0x000000009c600000, 0x000000009c600000, 0x000000009c700000|  0%| F|  |TAMS 0x000000009c600000| PB 0x000000009c600000| Untracked 
| 455|0x000000009c700000, 0x000000009c700000, 0x000000009c800000|  0%| F|  |TAMS 0x000000009c700000| PB 0x000000009c700000| Untracked 
| 456|0x000000009c800000, 0x000000009c800000, 0x000000009c900000|  0%| F|  |TAMS 0x000000009c800000| PB 0x000000009c800000| Untracked 
| 457|0x000000009c900000, 0x000000009c900000, 0x000000009ca00000|  0%| F|  |TAMS 0x000000009c900000| PB 0x000000009c900000| Untracked 
| 458|0x000000009ca00000, 0x000000009ca00000, 0x000000009cb00000|  0%| F|  |TAMS 0x000000009ca00000| PB 0x000000009ca00000| Untracked 
| 459|0x000000009cb00000, 0x000000009cb00000, 0x000000009cc00000|  0%| F|  |TAMS 0x000000009cb00000| PB 0x000000009cb00000| Untracked 
| 460|0x000000009cc00000, 0x000000009cc00000, 0x000000009cd00000|  0%| F|  |TAMS 0x000000009cc00000| PB 0x000000009cc00000| Untracked 
| 461|0x000000009cd00000, 0x000000009cd00000, 0x000000009ce00000|  0%| F|  |TAMS 0x000000009cd00000| PB 0x000000009cd00000| Untracked 
| 462|0x000000009ce00000, 0x000000009ce00000, 0x000000009cf00000|  0%| F|  |TAMS 0x000000009ce00000| PB 0x000000009ce00000| Untracked 
| 463|0x000000009cf00000, 0x000000009cf00000, 0x000000009d000000|  0%| F|  |TAMS 0x000000009cf00000| PB 0x000000009cf00000| Untracked 
| 464|0x000000009d000000, 0x000000009d000000, 0x000000009d100000|  0%| F|  |TAMS 0x000000009d000000| PB 0x000000009d000000| Untracked 
| 465|0x000000009d100000, 0x000000009d100000, 0x000000009d200000|  0%| F|  |TAMS 0x000000009d100000| PB 0x000000009d100000| Untracked 
| 466|0x000000009d200000, 0x000000009d200000, 0x000000009d300000|  0%| F|  |TAMS 0x000000009d200000| PB 0x000000009d200000| Untracked 
| 467|0x000000009d300000, 0x000000009d300000, 0x000000009d400000|  0%| F|  |TAMS 0x000000009d300000| PB 0x000000009d300000| Untracked 
| 468|0x000000009d400000, 0x000000009d400000, 0x000000009d500000|  0%| F|  |TAMS 0x000000009d400000| PB 0x000000009d400000| Untracked 
| 469|0x000000009d500000, 0x000000009d500000, 0x000000009d600000|  0%| F|  |TAMS 0x000000009d500000| PB 0x000000009d500000| Untracked 
| 470|0x000000009d600000, 0x000000009d600000, 0x000000009d700000|  0%| F|  |TAMS 0x000000009d600000| PB 0x000000009d600000| Untracked 
| 471|0x000000009d700000, 0x000000009d700000, 0x000000009d800000|  0%| F|  |TAMS 0x000000009d700000| PB 0x000000009d700000| Untracked 
| 472|0x000000009d800000, 0x000000009d800000, 0x000000009d900000|  0%| F|  |TAMS 0x000000009d800000| PB 0x000000009d800000| Untracked 
| 473|0x000000009d900000, 0x000000009d900000, 0x000000009da00000|  0%| F|  |TAMS 0x000000009d900000| PB 0x000000009d900000| Untracked 
| 474|0x000000009da00000, 0x000000009da00000, 0x000000009db00000|  0%| F|  |TAMS 0x000000009da00000| PB 0x000000009da00000| Untracked 
| 475|0x000000009db00000, 0x000000009db00000, 0x000000009dc00000|  0%| F|  |TAMS 0x000000009db00000| PB 0x000000009db00000| Untracked 
| 476|0x000000009dc00000, 0x000000009dc00000, 0x000000009dd00000|  0%| F|  |TAMS 0x000000009dc00000| PB 0x000000009dc00000| Untracked 
| 477|0x000000009dd00000, 0x000000009dd00000, 0x000000009de00000|  0%| F|  |TAMS 0x000000009dd00000| PB 0x000000009dd00000| Untracked 
| 478|0x000000009de00000, 0x000000009de00000, 0x000000009df00000|  0%| F|  |TAMS 0x000000009de00000| PB 0x000000009de00000| Untracked 
| 479|0x000000009df00000, 0x000000009df00000, 0x000000009e000000|  0%| F|  |TAMS 0x000000009df00000| PB 0x000000009df00000| Untracked 
| 480|0x000000009e000000, 0x000000009e000000, 0x000000009e100000|  0%| F|  |TAMS 0x000000009e000000| PB 0x000000009e000000| Untracked 
| 481|0x000000009e100000, 0x000000009e100000, 0x000000009e200000|  0%| F|  |TAMS 0x000000009e100000| PB 0x000000009e100000| Untracked 
| 482|0x000000009e200000, 0x000000009e200000, 0x000000009e300000|  0%| F|  |TAMS 0x000000009e200000| PB 0x000000009e200000| Untracked 
| 483|0x000000009e300000, 0x000000009e400000, 0x000000009e400000|100%| E|CS|TAMS 0x000000009e300000| PB 0x000000009e300000| Complete 
| 484|0x000000009e400000, 0x000000009e500000, 0x000000009e500000|100%| E|CS|TAMS 0x000000009e400000| PB 0x000000009e400000| Complete 
| 485|0x000000009e500000, 0x000000009e600000, 0x000000009e600000|100%| E|CS|TAMS 0x000000009e500000| PB 0x000000009e500000| Complete 
| 486|0x000000009e600000, 0x000000009e700000, 0x000000009e700000|100%| E|CS|TAMS 0x000000009e600000| PB 0x000000009e600000| Complete 
| 487|0x000000009e700000, 0x000000009e700000, 0x000000009e800000|  0%| F|  |TAMS 0x000000009e700000| PB 0x000000009e700000| Untracked 
| 488|0x000000009e800000, 0x000000009e800000, 0x000000009e900000|  0%| F|  |TAMS 0x000000009e800000| PB 0x000000009e800000| Untracked 
| 489|0x000000009e900000, 0x000000009e900000, 0x000000009ea00000|  0%| F|  |TAMS 0x000000009e900000| PB 0x000000009e900000| Untracked 
| 490|0x000000009ea00000, 0x000000009ea00000, 0x000000009eb00000|  0%| F|  |TAMS 0x000000009ea00000| PB 0x000000009ea00000| Untracked 
| 491|0x000000009eb00000, 0x000000009eb00000, 0x000000009ec00000|  0%| F|  |TAMS 0x000000009eb00000| PB 0x000000009eb00000| Untracked 
| 492|0x000000009ec00000, 0x000000009ec00000, 0x000000009ed00000|  0%| F|  |TAMS 0x000000009ec00000| PB 0x000000009ec00000| Untracked 
| 493|0x000000009ed00000, 0x000000009ed00000, 0x000000009ee00000|  0%| F|  |TAMS 0x000000009ed00000| PB 0x000000009ed00000| Untracked 
| 494|0x000000009ee00000, 0x000000009ee00000, 0x000000009ef00000|  0%| F|  |TAMS 0x000000009ee00000| PB 0x000000009ee00000| Untracked 
| 495|0x000000009ef00000, 0x000000009ef00000, 0x000000009f000000|  0%| F|  |TAMS 0x000000009ef00000| PB 0x000000009ef00000| Untracked 
| 496|0x000000009f000000, 0x000000009f000000, 0x000000009f100000|  0%| F|  |TAMS 0x000000009f000000| PB 0x000000009f000000| Untracked 
| 497|0x000000009f100000, 0x000000009f100000, 0x000000009f200000|  0%| F|  |TAMS 0x000000009f100000| PB 0x000000009f100000| Untracked 
| 498|0x000000009f200000, 0x000000009f200000, 0x000000009f300000|  0%| F|  |TAMS 0x000000009f200000| PB 0x000000009f200000| Untracked 
| 499|0x000000009f300000, 0x000000009f300000, 0x000000009f400000|  0%| F|  |TAMS 0x000000009f300000| PB 0x000000009f300000| Untracked 
| 500|0x000000009f400000, 0x000000009f400000, 0x000000009f500000|  0%| F|  |TAMS 0x000000009f400000| PB 0x000000009f400000| Untracked 
| 501|0x000000009f500000, 0x000000009f500000, 0x000000009f600000|  0%| F|  |TAMS 0x000000009f500000| PB 0x000000009f500000| Untracked 
| 502|0x000000009f600000, 0x000000009f600000, 0x000000009f700000|  0%| F|  |TAMS 0x000000009f600000| PB 0x000000009f600000| Untracked 
| 503|0x000000009f700000, 0x000000009f700000, 0x000000009f800000|  0%| F|  |TAMS 0x000000009f700000| PB 0x000000009f700000| Untracked 
| 504|0x000000009f800000, 0x000000009f800000, 0x000000009f900000|  0%| F|  |TAMS 0x000000009f800000| PB 0x000000009f800000| Untracked 
| 505|0x000000009f900000, 0x000000009f900000, 0x000000009fa00000|  0%| F|  |TAMS 0x000000009f900000| PB 0x000000009f900000| Untracked 
| 506|0x000000009fa00000, 0x000000009fa00000, 0x000000009fb00000|  0%| F|  |TAMS 0x000000009fa00000| PB 0x000000009fa00000| Untracked 
| 507|0x000000009fb00000, 0x000000009fbc0a80, 0x000000009fc00000| 75%| S|  |TAMS 0x000000009fb00000| PB 0x000000009fb00000| Complete 
| 508|0x000000009fc00000, 0x000000009fc10630, 0x000000009fd00000|  6%| E|CS|TAMS 0x000000009fc00000| PB 0x000000009fc00000| Complete 
| 509|0x000000009fd00000, 0x000000009fe00000, 0x000000009fe00000|100%| E|CS|TAMS 0x000000009fd00000| PB 0x000000009fd00000| Complete 
| 510|0x000000009fe00000, 0x000000009ff00000, 0x000000009ff00000|100%| E|CS|TAMS 0x000000009fe00000| PB 0x000000009fe00000| Complete 
| 511|0x000000009ff00000, 0x00000000a0000000, 0x00000000a0000000|100%| E|CS|TAMS 0x000000009ff00000| PB 0x000000009ff00000| Complete 

Card table byte_map: [0x0000027c42260000,0x0000027c42660000] _byte_map_base: 0x0000027c41e60000

Marking Bits: (CMBitMap*) 0x0000027c2a19fb60
 Bits: [0x0000027c42660000, 0x0000027c44660000)

Polling page: 0x0000027c280a0000

Metaspace:

Usage:
  Non-class:     14.29 MB used.
      Class:      1.77 MB used.
       Both:     16.06 MB used.

Virtual space:
  Non-class space:       64.00 MB reserved,      14.50 MB ( 23%) committed,  1 nodes.
      Class space:        1.00 GB reserved,       1.94 MB ( <1%) committed,  1 nodes.
             Both:        1.06 GB reserved,      16.44 MB (  2%) committed. 

Chunk freelists:
   Non-Class:  608.00 KB
       Class:  13.98 MB
        Both:  14.58 MB

MaxMetaspaceSize: unlimited
CompressedClassSpaceSize: 1.00 GB
Initial GC threshold: 21.00 MB
Current GC threshold: 21.00 MB
CDS: on
 - commit_granule_bytes: 65536.
 - commit_granule_words: 8192.
 - virtual_space_node_default_size: 8388608.
 - enlarge_chunks_in_place: 1.
 - use_allocation_guard: 0.


Internal statistics:

num_allocs_failed_limit: 0.
num_arena_births: 340.
num_arena_deaths: 0.
num_vsnodes_births: 2.
num_vsnodes_deaths: 0.
num_space_committed: 263.
num_space_uncommitted: 0.
num_chunks_returned_to_freelist: 0.
num_chunks_taken_from_freelist: 586.
num_chunk_merges: 0.
num_chunk_splits: 334.
num_chunks_enlarged: 157.
num_inconsistent_stats: 0.

CodeHeap 'non-profiled nmethods': size=119168Kb used=552Kb max_used=552Kb free=118615Kb
 bounds [0x0000027c3a180000, 0x0000027c3a3f0000, 0x0000027c415e0000]
CodeHeap 'profiled nmethods': size=119104Kb used=3914Kb max_used=3914Kb free=115189Kb
 bounds [0x0000027c325e0000, 0x0000027c329c0000, 0x0000027c39a30000]
CodeHeap 'non-nmethods': size=7488Kb used=1639Kb max_used=3345Kb free=5848Kb
 bounds [0x0000027c39a30000, 0x0000027c39d80000, 0x0000027c3a180000]
 total_blobs=2729 nmethods=2040 adapters=593
 compilation: enabled
              stopped_count=0, restarted_count=0
 full_count=0

Compilation events (20 events):
Event: 4.049 Thread 0x0000027c47842d70 2031   !   3       com.sun.java.accessibility.util.EventQueueMonitor::queueComponentEvent (71 bytes)
Event: 4.049 Thread 0x0000027c47842d70 nmethod 2031 0x0000027c329aec10 code [0x0000027c329aee00, 0x0000027c329af378]
Event: 4.049 Thread 0x0000027c47842d70 2032       3       java.awt.Component::getLocationOnScreen_NoTreeLock (107 bytes)
Event: 4.050 Thread 0x0000027c47842d70 nmethod 2032 0x0000027c329af610 code [0x0000027c329af880, 0x0000027c329b03d0]
Event: 4.058 Thread 0x0000027c47842d70 2033       3       sun.awt.windows.WInputMethod::dispatchEvent (66 bytes)
Event: 4.058 Thread 0x0000027c47842d70 nmethod 2033 0x0000027c329b0690 code [0x0000027c329b0880, 0x0000027c329b10b8]
Event: 4.076 Thread 0x0000027c478420f0 2034       4       java.util.ArrayList::iterator (9 bytes)
Event: 4.077 Thread 0x0000027c478420f0 nmethod 2034 0x0000027c3a206790 code [0x0000027c3a206920, 0x0000027c3a206a28]
Event: 4.077 Thread 0x0000027c478420f0 2035       4       java.util.concurrent.locks.ReentrantLock::unlock (10 bytes)
Event: 4.079 Thread 0x0000027c478420f0 nmethod 2035 0x0000027c3a206b10 code [0x0000027c3a206ca0, 0x0000027c3a206f08]
Event: 4.079 Thread 0x0000027c478420f0 2036       4       sun.awt.AWTAutoShutdown::isReadyToShutdown (37 bytes)
Event: 4.079 Thread 0x0000027c478420f0 nmethod 2036 0x0000027c3a207110 code [0x0000027c3a2072a0, 0x0000027c3a2073a0]
Event: 4.079 Thread 0x0000027c478420f0 2037       4       java.util.concurrent.locks.ReentrantLock::lock (8 bytes)
Event: 4.081 Thread 0x0000027c478420f0 nmethod 2037 0x0000027c3a207490 code [0x0000027c3a207640, 0x0000027c3a207958]
Event: 4.087 Thread 0x0000027c478420f0 2038       4       java.awt.Container::findComponentAtImpl (161 bytes)
Event: 4.092 Thread 0x0000027c47842d70 2040       3       sun.awt.windows.WComponentPeer::handleJavaMouseEvent (75 bytes)
Event: 4.093 Thread 0x0000027c47842d70 nmethod 2040 0x0000027c329b1210 code [0x0000027c329b14e0, 0x0000027c329b2538]
Event: 4.095 Thread 0x0000027c478420f0 nmethod 2038 0x0000027c3a207b10 code [0x0000027c3a207d40, 0x0000027c3a208f40]
Event: 4.095 Thread 0x0000027c478420f0 2039       4       java.util.ArrayList::get (15 bytes)
Event: 4.096 Thread 0x0000027c478420f0 nmethod 2039 0x0000027c3a209e10 code [0x0000027c3a209fa0, 0x0000027c3a20a0c0]

GC Heap History (3 events):
Event: 1.694 GC heap before
{Heap before GC invocations=0 (full 0):
 garbage-first heap   total 524288K, used 26624K [0x0000000080000000, 0x0000000100000000)
  region size 1024K, 25 young (25600K), 0 survivors (0K)
 Metaspace       used 16061K, committed 16384K, reserved 1114112K
  class space    used 1757K, committed 1920K, reserved 1048576K
}
Event: 1.697 GC heap after
{Heap after GC invocations=1 (full 0):
 garbage-first heap   total 524288K, used 6653K [0x0000000080000000, 0x0000000100000000)
  region size 1024K, 4 young (4096K), 4 survivors (4096K)
 Metaspace       used 16061K, committed 16384K, reserved 1114112K
  class space    used 1757K, committed 1920K, reserved 1048576K
}
Event: 4.315 GC heap before
{Heap before GC invocations=1 (full 0):
 garbage-first heap   total 524288K, used 239101K [0x0000000080000000, 0x0000000100000000)
  region size 1024K, 8 young (8192K), 4 survivors (4096K)
 Metaspace       used 16442K, committed 16832K, reserved 1114112K
  class space    used 1812K, committed 1984K, reserved 1048576K
}

Dll operation events (13 events):
Event: 0.003 Loaded shared library C:\Program Files\Java\jdk-21\bin\java.dll
Event: 0.023 Loaded shared library C:\Program Files\Java\jdk-21\bin\jsvml.dll
Event: 0.034 Loaded shared library C:\Program Files\Java\jdk-21\bin\net.dll
Event: 0.035 Loaded shared library C:\Program Files\Java\jdk-21\bin\nio.dll
Event: 0.038 Loaded shared library C:\Program Files\Java\jdk-21\bin\zip.dll
Event: 0.052 Loaded shared library C:\Program Files\Java\jdk-21\bin\jimage.dll
Event: 0.062 Loaded shared library C:\Program Files\Java\jdk-21\bin\awt.dll
Event: 0.108 Loaded shared library C:\Program Files\Java\jdk-21\bin\javaaccessbridge.dll
Event: 0.171 Loaded shared library C:\Program Files\Java\jdk-21\bin\freetype.dll
Event: 0.171 Loaded shared library C:\Program Files\Java\jdk-21\bin\fontmanager.dll
Event: 1.358 Loaded shared library C:\Program Files\Java\jdk-21\bin\sunmscapi.dll
Event: 1.480 Loaded shared library C:\Program Files\Java\jdk-21\bin\extnet.dll
Event: 1.804 Loaded shared library C:\Users\david\AppData\Local\Temp\webrtc-java18032522027409194374.dll

Deoptimization events (20 events):
Event: 1.432 Thread 0x0000027c8d1aaf90 DEOPT PACKING pc=0x0000027c3a1dc358 sp=0x0000008537cfbfd0
Event: 1.432 Thread 0x0000027c8d1aaf90 DEOPT UNPACKING pc=0x0000027c39a846a2 sp=0x0000008537cfbf30 mode 2
Event: 1.462 Thread 0x0000027c8d1aaf90 Uncommon trap: trap_request=0xffffff45 fr.pc=0x0000027c3a1d7848 relative=0x0000000000000208
Event: 1.462 Thread 0x0000027c8d1aaf90 Uncommon trap: reason=unstable_if action=reinterpret pc=0x0000027c3a1d7848 method=java.util.HashMap.putVal(ILjava/lang/Object;Ljava/lang/Object;ZZ)Ljava/lang/Object; @ 162 c2
Event: 1.462 Thread 0x0000027c8d1aaf90 DEOPT PACKING pc=0x0000027c3a1d7848 sp=0x0000008537cfbb20
Event: 1.462 Thread 0x0000027c8d1aaf90 DEOPT UNPACKING pc=0x0000027c39a846a2 sp=0x0000008537cfbab0 mode 2
Event: 1.494 Thread 0x0000027c8d1aaf90 Uncommon trap: trap_request=0xffffff45 fr.pc=0x0000027c3a1ecce8 relative=0x0000000000000f88
Event: 1.494 Thread 0x0000027c8d1aaf90 Uncommon trap: reason=unstable_if action=reinterpret pc=0x0000027c3a1ecce8 method=java.util.concurrent.ConcurrentHashMap.putVal(Ljava/lang/Object;Ljava/lang/Object;Z)Ljava/lang/Object; @ 148 c2
Event: 1.494 Thread 0x0000027c8d1aaf90 DEOPT PACKING pc=0x0000027c3a1ecce8 sp=0x0000008537cfd750
Event: 1.494 Thread 0x0000027c8d1aaf90 DEOPT UNPACKING pc=0x0000027c39a846a2 sp=0x0000008537cfd6d0 mode 2
Event: 1.677 Thread 0x0000027c8d1aaf90 DEOPT PACKING pc=0x0000027c328bab7c sp=0x0000008537cf9e10
Event: 1.677 Thread 0x0000027c8d1aaf90 DEOPT UNPACKING pc=0x0000027c39a84e42 sp=0x0000008537cf9248 mode 0
Event: 1.693 Thread 0x0000027c8d1aaf90 Uncommon trap: trap_request=0xffffff45 fr.pc=0x0000027c3a1bddcc relative=0x00000000000000ac
Event: 1.693 Thread 0x0000027c8d1aaf90 Uncommon trap: reason=unstable_if action=reinterpret pc=0x0000027c3a1bddcc method=java.awt.Component.inside(II)Z @ 9 c2
Event: 1.693 Thread 0x0000027c8d1aaf90 DEOPT PACKING pc=0x0000027c3a1bddcc sp=0x0000008537cfe180
Event: 1.693 Thread 0x0000027c8d1aaf90 DEOPT UNPACKING pc=0x0000027c39a846a2 sp=0x0000008537cfe018 mode 2
Event: 1.698 Thread 0x0000027c8e710450 Uncommon trap: trap_request=0xffffff45 fr.pc=0x0000027c3a1f6fec relative=0x000000000000006c
Event: 1.698 Thread 0x0000027c8e710450 Uncommon trap: reason=unstable_if action=reinterpret pc=0x0000027c3a1f6fec method=java.lang.ref.ReferenceQueue.headIsNull()Z @ 4 c2
Event: 1.698 Thread 0x0000027c8e710450 DEOPT PACKING pc=0x0000027c3a1f6fec sp=0x00000085382fe2c0
Event: 1.698 Thread 0x0000027c8e710450 DEOPT UNPACKING pc=0x0000027c39a846a2 sp=0x00000085382fe1e8 mode 2

Classes loaded (20 events):
Event: 1.700 Loading class sun/net/www/URLConnection done
Event: 1.700 Loading class sun/net/www/protocol/file/FileURLConnection done
Event: 1.700 Loading class sun/net/www/MessageHeader
Event: 1.700 Loading class sun/net/www/MessageHeader done
Event: 1.700 Loading class sun/net/www/protocol/jar/URLJarFile
Event: 1.700 Loading class sun/net/www/protocol/jar/URLJarFile done
Event: 1.701 Loading class sun/net/www/protocol/jar/URLJarFile$URLJarFileEntry
Event: 1.701 Loading class sun/net/www/protocol/jar/URLJarFile$URLJarFileEntry done
Event: 1.701 Loading class sun/net/www/protocol/jar/JarURLConnection$JarURLInputStream
Event: 1.701 Loading class sun/net/www/protocol/jar/JarURLConnection$JarURLInputStream done
Event: 1.701 Loading class java/nio/file/StandardCopyOption
Event: 1.701 Loading class java/nio/file/StandardCopyOption done
Event: 1.701 Loading class sun/nio/ch/ChannelOutputStream
Event: 1.701 Loading class sun/nio/ch/ChannelOutputStream done
Event: 1.809 Loading class java/io/DeleteOnExitHook
Event: 1.809 Loading class java/io/DeleteOnExitHook done
Event: 1.809 Loading class java/io/DeleteOnExitHook$1
Event: 1.809 Loading class java/io/DeleteOnExitHook$1 done
Event: 4.115 Loading class java/awt/LightweightDispatcher$2
Event: 4.115 Loading class java/awt/LightweightDispatcher$2 done

Classes unloaded (0 events):
No events

Classes redefined (0 events):
No events

Internal exceptions (20 events):
Event: 1.324 Thread 0x0000027c8d1aaf90 Exception <a 'java/lang/NoSuchMethodError'{0x000000009f6cb510}: 'int java.lang.invoke.DirectMethodHandle$Holder.invokeStatic(java.lang.Object, long)'> (0x000000009f6cb510) 
thrown [s\open\src\hotspot\share\interpreter\linkResolver.cpp, line 773]
Event: 1.327 Thread 0x0000027c8d1aaf90 Exception <a 'java/lang/NoSuchMethodError'{0x000000009f6f33b8}: 'java.lang.Object java.lang.invoke.DirectMethodHandle$Holder.invokeSpecial(java.lang.Object, java.lang.Object, int, java.lang.Object, java.lang.Object)'> (0x000000009f6f33b8) 
thrown [s\open\src\hotspot\share\interpreter\linkResolver.cpp, line 773]
Event: 1.327 Thread 0x0000027c8d1aaf90 Exception <a 'java/lang/NoSuchMethodError'{0x000000009f6f6fe8}: 'java.lang.Object java.lang.invoke.DelegatingMethodHandle$Holder.delegate(java.lang.Object, int, java.lang.Object, java.lang.Object)'> (0x000000009f6f6fe8) 
thrown [s\open\src\hotspot\share\interpreter\linkResolver.cpp, line 773]
Event: 1.329 Thread 0x0000027c8d1aaf90 Exception <a 'java/lang/NoSuchMethodError'{0x000000009f507078}: 'int java.lang.invoke.Invokers$Holder.linkToTargetMethod(java.lang.Object, java.lang.Object, java.lang.Object)'> (0x000000009f507078) 
thrown [s\open\src\hotspot\share\interpreter\linkResolver.cpp, line 773]
Event: 1.331 Thread 0x0000027c8d1aaf90 Exception <a 'java/lang/NoSuchMethodError'{0x000000009f515f70}: 'long java.lang.invoke.DirectMethodHandle$Holder.invokeSpecial(java.lang.Object, java.lang.Object)'> (0x000000009f515f70) 
thrown [s\open\src\hotspot\share\interpreter\linkResolver.cpp, line 773]
Event: 1.332 Thread 0x0000027c8d1aaf90 Exception <a 'java/lang/NoSuchMethodError'{0x000000009f51f438}: 'int java.lang.invoke.DirectMethodHandle$Holder.invokeStatic(java.lang.Object, java.lang.Object, java.lang.Object, java.lang.Object)'> (0x000000009f51f438) 
thrown [s\open\src\hotspot\share\interpreter\linkResolver.cpp, line 773]
Event: 1.332 Thread 0x0000027c8d1aaf90 Exception <a 'java/lang/NoSuchMethodError'{0x000000009f522ac8}: 'java.lang.Object java.lang.invoke.Invokers$Holder.invokeExact_MT(java.lang.Object, java.lang.Object, java.lang.Object, java.lang.Object, java.lang.Object, java.lang.Object)'> (0x000000009f522ac8) 
thrown [s\open\src\hotspot\share\interpreter\linkResolver.cpp, line 773]
Event: 1.382 Thread 0x0000027c8d1aaf90 Exception <a 'sun/nio/fs/WindowsException'{0x000000009f482a08}> (0x000000009f482a08) 
thrown [s\open\src\hotspot\share\prims\jni.cpp, line 520]
Event: 1.439 Thread 0x0000027c8d1aaf90 Exception <a 'java/lang/NoSuchMethodError'{0x000000009eecd9d0}: 'java.lang.Object java.lang.invoke.DirectMethodHandle$Holder.invokeStaticInit(java.lang.Object, int, int, int, int)'> (0x000000009eecd9d0) 
thrown [s\open\src\hotspot\share\interpreter\linkResolver.cpp, line 773]
Event: 1.450 Thread 0x0000027c8d1aaf90 Exception <a 'java/lang/NoSuchMethodError'{0x000000009ed894e8}: 'java.lang.Object java.lang.invoke.DirectMethodHandle$Holder.invokeStaticInit(java.lang.Object, java.lang.Object, int, int, int, int)'> (0x000000009ed894e8) 
thrown [s\open\src\hotspot\share\interpreter\linkResolver.cpp, line 773]
Event: 1.499 Thread 0x0000027c8d1aaf90 Exception <a 'java/lang/NoSuchMethodError'{0x000000009ec80238}: 'java.lang.Object java.lang.invoke.DirectMethodHandle$Holder.invokeSpecial(java.lang.Object, java.lang.Object, java.lang.Object, java.lang.Object, int)'> (0x000000009ec80238) 
thrown [s\open\src\hotspot\share\interpreter\linkResolver.cpp, line 773]
Event: 1.499 Thread 0x0000027c8d1aaf90 Exception <a 'java/lang/NoSuchMethodError'{0x000000009eb03af8}: 'java.lang.Object java.lang.invoke.Invokers$Holder.linkToTargetMethod(java.lang.Object, java.lang.Object, int, java.lang.Object)'> (0x000000009eb03af8) 
thrown [s\open\src\hotspot\share\interpreter\linkResolver.cpp, line 773]
Event: 1.510 Thread 0x0000027c8d1aaf90 Exception <a 'java/lang/NoSuchMethodError'{0x000000009eb446b0}: 'void java.lang.invoke.DirectMethodHandle$Holder.invokeSpecial(java.lang.Object, java.lang.Object, java.lang.Object, java.lang.Object, java.lang.Object)'> (0x000000009eb446b0) 
thrown [s\open\src\hotspot\share\interpreter\linkResolver.cpp, line 773]
Event: 1.516 Thread 0x0000027c8e710450 Exception <a 'java/lang/NoSuchMethodError'{0x000000009ec8d498}: 'void java.lang.invoke.DirectMethodHandle$Holder.invokeStatic(java.lang.Object, java.lang.Object, int)'> (0x000000009ec8d498) 
thrown [s\open\src\hotspot\share\interpreter\linkResolver.cpp, line 773]
Event: 1.650 Thread 0x0000027c8e641240 Exception <a 'java/lang/NoSuchMethodError'{0x000000009ea4b310}: 'java.lang.Object java.lang.invoke.DirectMethodHandle$Holder.newInvokeSpecial(java.lang.Object, java.lang.Object, long, java.lang.Object, java.lang.Object, java.lang.Object)'> (0x000000009ea4b310) 
thrown [s\open\src\hotspot\share\interpreter\linkResolver.cpp, line 773]
Event: 1.652 Thread 0x0000027c8e641240 Exception <a 'java/lang/NoSuchMethodError'{0x000000009ea615d0}: 'void java.lang.invoke.DirectMethodHandle$Holder.invokeSpecial(java.lang.Object, java.lang.Object, java.lang.Object, java.lang.Object, java.lang.Object, java.lang.Object, java.lang.Object)'> (0x000000009ea615d0) 
thrown [s\open\src\hotspot\share\interpreter\linkResolver.cpp, line 773]
Event: 1.652 Thread 0x0000027c8e641240 Exception <a 'java/lang/NoSuchMethodError'{0x000000009ea6fc28}: 'void java.lang.invoke.DirectMethodHandle$Holder.invokeStatic(java.lang.Object, java.lang.Object, java.lang.Object, java.lang.Object)'> (0x000000009ea6fc28) 
thrown [s\open\src\hotspot\share\interpreter\linkResolver.cpp, line 773]
Event: 1.681 Thread 0x0000027c8d1aaf90 Exception <a 'java/lang/NoSuchMethodError'{0x000000009e8e96e0}: 'void java.lang.invoke.DelegatingMethodHandle$Holder.reinvoke_L(java.lang.Object, java.lang.Object, int)'> (0x000000009e8e96e0) 
thrown [s\open\src\hotspot\share\interpreter\linkResolver.cpp, line 773]
Event: 1.682 Thread 0x0000027c8d1aaf90 Exception <a 'java/lang/NoSuchMethodError'{0x000000009e8f0188}: 'void java.lang.invoke.Invokers$Holder.invokeExact_MT(java.lang.Object, java.lang.Object, int, java.lang.Object)'> (0x000000009e8f0188) 
thrown [s\open\src\hotspot\share\interpreter\linkResolver.cpp, line 773]
Event: 1.683 Thread 0x0000027c8d1aaf90 Exception <a 'java/lang/NoSuchMethodError'{0x000000009e7021c8}: 'void java.lang.invoke.Invokers$Holder.invokeExact_MT(java.lang.Object, java.lang.Object, java.lang.Object, java.lang.Object)'> (0x000000009e7021c8) 
thrown [s\open\src\hotspot\share\interpreter\linkResolver.cpp, line 773]

ZGC Phase Switch (0 events):
No events

VM Operations (20 events):
Event: 1.476 Executing VM operation: HandshakeAllThreads (Deoptimize) done
Event: 1.484 Executing VM operation: HandshakeAllThreads (Deoptimize)
Event: 1.484 Executing VM operation: HandshakeAllThreads (Deoptimize) done
Event: 1.647 Executing VM operation: HandshakeAllThreads (Deoptimize)
Event: 1.647 Executing VM operation: HandshakeAllThreads (Deoptimize) done
Event: 1.674 Executing VM operation: HandshakeAllThreads (Deoptimize)
Event: 1.674 Executing VM operation: HandshakeAllThreads (Deoptimize) done
Event: 1.680 Executing VM operation: ICBufferFull
Event: 1.680 Executing VM operation: ICBufferFull done
Event: 1.690 Executing VM operation: HandshakeAllThreads (Deoptimize)
Event: 1.690 Executing VM operation: HandshakeAllThreads (Deoptimize) done
Event: 1.694 Executing VM operation: G1CollectForAllocation (G1 Evacuation Pause)
Event: 1.697 Executing VM operation: G1CollectForAllocation (G1 Evacuation Pause) done
Event: 1.700 Executing VM operation: HandshakeAllThreads (Deoptimize)
Event: 1.700 Executing VM operation: HandshakeAllThreads (Deoptimize) done
Event: 2.712 Executing VM operation: Cleanup
Event: 2.712 Executing VM operation: Cleanup done
Event: 3.713 Executing VM operation: Cleanup
Event: 3.713 Executing VM operation: Cleanup done
Event: 4.315 Executing VM operation: G1TryInitiateConcMark (G1 Humongous Allocation)

Events (20 events):
Event: 0.242 Thread 0x0000027c27ecd730 Thread added: 0x0000027c27ecd730
Event: 1.366 Thread 0x0000027c8e576f50 Thread added: 0x0000027c8e576f50
Event: 1.404 Thread 0x0000027c8e5c2c60 Thread added: 0x0000027c8e5c2c60
Event: 1.482 Thread 0x0000027c8e710450 Thread added: 0x0000027c8e710450
Event: 1.517 Thread 0x0000027c8e641240 Thread added: 0x0000027c8e641240
Event: 1.518 Thread 0x0000027c8e6ba4f0 Thread added: 0x0000027c8e6ba4f0
Event: 1.518 Thread 0x0000027c8e6bab80 Thread added: 0x0000027c8e6bab80
Event: 1.647 Thread 0x0000027c8e5c2c60 Thread exited: 0x0000027c8e5c2c60
Event: 1.648 Thread 0x0000027c8e576f50 Thread exited: 0x0000027c8e576f50
Event: 1.692 Thread 0x0000027c8e6bd2e0 Thread added: 0x0000027c8e6bd2e0
Event: 1.694 Thread 0x0000027c8e6bb210 Thread added: 0x0000027c8e6bb210
Event: 1.700 Thread 0x0000027c8e710450 Thread exited: 0x0000027c8e710450
Event: 1.700 Thread 0x0000027c8e6ba4f0 Thread exited: 0x0000027c8e6ba4f0
Event: 1.700 Thread 0x0000027c8e6bab80 Thread exited: 0x0000027c8e6bab80
Event: 1.700 Thread 0x0000027c8e641240 Thread exited: 0x0000027c8e641240
Event: 2.198 Thread 0x0000027c8e6bb210 Thread exited: 0x0000027c8e6bb210
Event: 2.494 Thread 0x0000027c8e6bd970 Thread added: 0x0000027c8e6bd970
Event: 4.027 Thread 0x0000027c479d0000 Thread exited: 0x0000027c479d0000
Event: 4.030 Thread 0x0000027c479cd950 Thread exited: 0x0000027c479cd950
Event: 4.034 Thread 0x0000027c479cd2b0 Thread exited: 0x0000027c479cd2b0


Dynamic libraries:
0x00007ff6bf9c0000 - 0x00007ff6bf9d0000 	C:\Program Files\Java\jdk-21\bin\java.exe
0x00007ffc1d870000 - 0x00007ffc1da68000 	C:\WINDOWS\SYSTEM32\ntdll.dll
0x00007ffc1d210000 - 0x00007ffc1d2d2000 	C:\WINDOWS\System32\KERNEL32.DLL
0x00007ffc1b230000 - 0x00007ffc1b52e000 	C:\WINDOWS\System32\KERNELBASE.dll
0x00007ffc1af60000 - 0x00007ffc1b060000 	C:\WINDOWS\System32\ucrtbase.dll
0x00007ffbc77c0000 - 0x00007ffbc77db000 	C:\Program Files\Java\jdk-21\bin\VCRUNTIME140.dll
0x00007ffc17150000 - 0x00007ffc17169000 	C:\Program Files\Java\jdk-21\bin\jli.dll
0x00007ffc1c2b0000 - 0x00007ffc1c361000 	C:\WINDOWS\System32\ADVAPI32.dll
0x00007ffc1ce00000 - 0x00007ffc1ce9e000 	C:\WINDOWS\System32\msvcrt.dll
0x00007ffc1d170000 - 0x00007ffc1d20f000 	C:\WINDOWS\System32\sechost.dll
0x00007ffc1c370000 - 0x00007ffc1c493000 	C:\WINDOWS\System32\RPCRT4.dll
0x00007ffc1b660000 - 0x00007ffc1b687000 	C:\WINDOWS\System32\bcrypt.dll
0x00007ffc1bd80000 - 0x00007ffc1bf1d000 	C:\WINDOWS\System32\USER32.dll
0x00007ffc1b860000 - 0x00007ffc1b882000 	C:\WINDOWS\System32\win32u.dll
0x00007ffc1d000000 - 0x00007ffc1d02b000 	C:\WINDOWS\System32\GDI32.dll
0x00007ffc0a5e0000 - 0x00007ffc0a87a000 	C:\WINDOWS\WinSxS\amd64_microsoft.windows.common-controls_6595b64144ccf1df_6.0.19041.4355_none_60b8b9eb71f62e16\COMCTL32.dll
0x00007ffc1b110000 - 0x00007ffc1b227000 	C:\WINDOWS\System32\gdi32full.dll
0x00007ffc1b530000 - 0x00007ffc1b5cd000 	C:\WINDOWS\System32\msvcp_win.dll
0x00007ffc115e0000 - 0x00007ffc115ea000 	C:\WINDOWS\SYSTEM32\VERSION.dll
0x00007ffc1c270000 - 0x00007ffc1c29f000 	C:\WINDOWS\System32\IMM32.DLL
0x00007ffbf7620000 - 0x00007ffbf762c000 	C:\Program Files\Java\jdk-21\bin\vcruntime140_1.dll
0x00007ffbc9920000 - 0x00007ffbc99ae000 	C:\Program Files\Java\jdk-21\bin\msvcp140.dll
0x00007ffb47e30000 - 0x00007ffb48b48000 	C:\Program Files\Java\jdk-21\bin\server\jvm.dll
0x00007ffc1c4a0000 - 0x00007ffc1c50b000 	C:\WINDOWS\System32\WS2_32.dll
0x00007ffc1a4a0000 - 0x00007ffc1a4eb000 	C:\WINDOWS\SYSTEM32\POWRPROF.dll
0x00007ffc10990000 - 0x00007ffc109b7000 	C:\WINDOWS\SYSTEM32\WINMM.dll
0x00007ffc1a310000 - 0x00007ffc1a322000 	C:\WINDOWS\SYSTEM32\UMPDC.dll
0x00007ffc18db0000 - 0x00007ffc18dc2000 	C:\WINDOWS\SYSTEM32\kernel.appcore.dll
0x00007ffbeecb0000 - 0x00007ffbeecba000 	C:\Program Files\Java\jdk-21\bin\jimage.dll
0x00007ffc10050000 - 0x00007ffc10234000 	C:\WINDOWS\SYSTEM32\DBGHELP.DLL
0x00007ffbf8a00000 - 0x00007ffbf8a34000 	C:\WINDOWS\SYSTEM32\dbgcore.DLL
0x00007ffc1b5d0000 - 0x00007ffc1b652000 	C:\WINDOWS\System32\bcryptPrimitives.dll
0x00007ffbc77a0000 - 0x00007ffbc77bf000 	C:\Program Files\Java\jdk-21\bin\java.dll
0x00007ffc1c570000 - 0x00007ffc1ccdd000 	C:\WINDOWS\System32\SHELL32.dll
0x00007ffc18fb0000 - 0x00007ffc19754000 	C:\WINDOWS\SYSTEM32\windows.storage.dll
0x00007ffc1b970000 - 0x00007ffc1bcc3000 	C:\WINDOWS\System32\combase.dll
0x00007ffc1a940000 - 0x00007ffc1a96e000 	C:\WINDOWS\SYSTEM32\Wldp.dll
0x00007ffc1d2f0000 - 0x00007ffc1d3bd000 	C:\WINDOWS\System32\OLEAUT32.dll
0x00007ffc1bf20000 - 0x00007ffc1bfcd000 	C:\WINDOWS\System32\SHCORE.dll
0x00007ffc1b890000 - 0x00007ffc1b8e5000 	C:\WINDOWS\System32\shlwapi.dll
0x00007ffc1ae40000 - 0x00007ffc1ae64000 	C:\WINDOWS\SYSTEM32\profapi.dll
0x00007ffb69090000 - 0x00007ffb69167000 	C:\Program Files\Java\jdk-21\bin\jsvml.dll
0x00007ffbd4a60000 - 0x00007ffbd4a70000 	C:\Program Files\Java\jdk-21\bin\net.dll
0x00007ffc13ee0000 - 0x00007ffc13fed000 	C:\WINDOWS\SYSTEM32\WINHTTP.dll
0x00007ffc1a6a0000 - 0x00007ffc1a70a000 	C:\WINDOWS\system32\mswsock.dll
0x00007ffbbde40000 - 0x00007ffbbde56000 	C:\Program Files\Java\jdk-21\bin\nio.dll
0x00007ffb6f410000 - 0x00007ffb6f428000 	C:\Program Files\Java\jdk-21\bin\zip.dll
0x00007ffbc9420000 - 0x00007ffbc95af000 	C:\Program Files\Java\jdk-21\bin\awt.dll
0x00007ffc17400000 - 0x00007ffc17494000 	C:\WINDOWS\SYSTEM32\apphelp.dll
0x00007ffc18ab0000 - 0x00007ffc18adf000 	C:\WINDOWS\system32\DWMAPI.DLL
0x00007ffc18820000 - 0x00007ffc188be000 	C:\WINDOWS\system32\uxtheme.dll
0x00007ffbafff0000 - 0x00007ffbb0118000 	C:\WINDOWS\system32\opengl32.dll
0x00007ffbaffc0000 - 0x00007ffbaffec000 	C:\WINDOWS\SYSTEM32\GLU32.dll
0x00007ffc1cce0000 - 0x00007ffc1cdf5000 	C:\WINDOWS\System32\MSCTF.dll
0x00007ffc1d040000 - 0x00007ffc1d16b000 	C:\WINDOWS\System32\ole32.dll
0x00007ffc02580000 - 0x00007ffc025cd000 	C:\Program Files\Java\jdk-21\bin\javaaccessbridge.dll
0x00007ffc17140000 - 0x00007ffc17147000 	C:\Program Files\Java\jdk-21\bin\jawt.dll
0x00007ffc04070000 - 0x00007ffc040f7000 	C:\Program Files\Java\jdk-21\bin\freetype.dll
0x00007ffbccb70000 - 0x00007ffbccc51000 	C:\Program Files\Java\jdk-21\bin\fontmanager.dll
0x00007ffc0aba0000 - 0x00007ffc0ac99000 	C:\WINDOWS\SYSTEM32\textinputframework.dll
0x00007ffc16ba0000 - 0x00007ffc16efb000 	C:\WINDOWS\System32\CoreUIComponents.dll
0x00007ffc17180000 - 0x00007ffc17272000 	C:\WINDOWS\System32\CoreMessaging.dll
0x00007ffc1a1a0000 - 0x00007ffc1a1d3000 	C:\WINDOWS\SYSTEM32\ntmarta.dll
0x00007ffc17f30000 - 0x00007ffc18087000 	C:\WINDOWS\SYSTEM32\wintypes.dll
0x00007ffc0a4c0000 - 0x00007ffc0a526000 	C:\WINDOWS\system32\Oleacc.dll
0x00007ffc1bcd0000 - 0x00007ffc1bd79000 	C:\WINDOWS\System32\clbcatq.dll
0x00007ffc0af20000 - 0x00007ffc0af4a000 	C:\Windows\System32\Speech\SpeechUX\SpTip.dll
0x00007ffc185d0000 - 0x00007ffc18784000 	C:\WINDOWS\SYSTEM32\WindowsCodecs.dll
0x00007ffbe6b20000 - 0x00007ffbe6b5e000 	C:\WINDOWS\system32\dataexchange.dll
0x00007ffc15fd0000 - 0x00007ffc16233000 	C:\WINDOWS\system32\d3d11.dll
0x00007ffc16520000 - 0x00007ffc16704000 	C:\WINDOWS\system32\dcomp.dll
0x00007ffc197a0000 - 0x00007ffc19896000 	C:\WINDOWS\system32\dxgi.dll
0x00007ffc14110000 - 0x00007ffc14313000 	C:\WINDOWS\system32\twinapi.appcore.dll
0x00007ffc14a50000 - 0x00007ffc14a5e000 	C:\Program Files\Java\jdk-21\bin\sunmscapi.dll
0x00007ffc1b700000 - 0x00007ffc1b85c000 	C:\WINDOWS\System32\CRYPT32.dll
0x00007ffc1a9b0000 - 0x00007ffc1a9d7000 	C:\WINDOWS\SYSTEM32\ncrypt.dll
0x00007ffc1a970000 - 0x00007ffc1a9ab000 	C:\WINDOWS\SYSTEM32\NTASN1.dll
0x00007ffc1a8a0000 - 0x00007ffc1a8b8000 	C:\WINDOWS\SYSTEM32\CRYPTSP.dll
0x00007ffc19f50000 - 0x00007ffc19f84000 	C:\WINDOWS\system32\rsaenh.dll
0x00007ffc1ae00000 - 0x00007ffc1ae2e000 	C:\WINDOWS\SYSTEM32\USERENV.dll
0x00007ffc1a890000 - 0x00007ffc1a89c000 	C:\WINDOWS\SYSTEM32\CRYPTBASE.dll
0x00007ffc1a330000 - 0x00007ffc1a36b000 	C:\WINDOWS\SYSTEM32\IPHLPAPI.DLL
0x00007ffc1c2a0000 - 0x00007ffc1c2a8000 	C:\WINDOWS\System32\NSI.dll
0x00007ffbf9ec0000 - 0x00007ffbf9ec7000 	C:\WINDOWS\system32\wshunix.dll
0x00007ffbcdb50000 - 0x00007ffbcdb59000 	C:\Program Files\Java\jdk-21\bin\extnet.dll
0x00007ffc1a370000 - 0x00007ffc1a43a000 	C:\WINDOWS\SYSTEM32\DNSAPI.dll
0x00007ffc12f20000 - 0x00007ffc12f2a000 	C:\Windows\System32\rasadhlp.dll
0x00007ffc12910000 - 0x00007ffc12990000 	C:\WINDOWS\System32\fwpuclnt.dll
0x00007ffbc1e20000 - 0x00007ffbc301f000 	C:\Users\david\AppData\Local\Temp\webrtc-java18032522027409194374.dll
0x00007ffc17550000 - 0x00007ffc1770c000 	C:\WINDOWS\SYSTEM32\MFPlat.DLL
0x00007ffb875d0000 - 0x00007ffb875db000 	C:\WINDOWS\SYSTEM32\msdmo.dll
0x00007ffc0a270000 - 0x00007ffc0a27c000 	C:\WINDOWS\SYSTEM32\Secur32.dll
0x00007ffc1af10000 - 0x00007ffc1af5e000 	C:\WINDOWS\System32\cfgmgr32.dll
0x00007ffc1adc0000 - 0x00007ffc1adf2000 	C:\WINDOWS\SYSTEM32\SSPICLI.DLL
0x00007ffc174b0000 - 0x00007ffc174e4000 	C:\WINDOWS\SYSTEM32\RTWorkQ.DLL
0x00007ffc148e0000 - 0x00007ffc14965000 	C:\WINDOWS\System32\MMDevApi.dll
0x00007ffc1aca0000 - 0x00007ffc1acd3000 	C:\WINDOWS\System32\DEVOBJ.dll
0x00007ffb83690000 - 0x00007ffb83707000 	C:\Windows\System32\mfwmaaec.dll
0x00007ffc151a0000 - 0x00007ffc15321000 	C:\WINDOWS\SYSTEM32\AUDIOSES.DLL
0x00007ffc173f0000 - 0x00007ffc173fa000 	C:\WINDOWS\SYSTEM32\Avrt.dll
0x00007ffc0ace0000 - 0x00007ffc0ae1f000 	C:\Windows\System32\Windows.UI.dll
0x00007ffc0aa40000 - 0x00007ffc0ab92000 	C:\Windows\System32\InputHost.dll
0x00007ffc12db0000 - 0x00007ffc12e51000 	C:\Windows\System32\WindowManagementAPI.dll
0x00007ffc17da0000 - 0x00007ffc17e96000 	C:\Windows\System32\PROPSYS.dll
0x00007ffb98120000 - 0x00007ffb9813d000 	C:\Windows\System32\devenum.dll
0x00007ffc1d3c0000 - 0x00007ffc1d82e000 	C:\WINDOWS\System32\setupapi.dll
0x00007ffc1b690000 - 0x00007ffc1b6f9000 	C:\WINDOWS\System32\WINTRUST.dll
0x00007ffc1aad0000 - 0x00007ffc1aae2000 	C:\WINDOWS\SYSTEM32\MSASN1.dll
0x00007ffb83000000 - 0x00007ffb8304d000 	C:\Windows\System32\mfksproxy.dll
0x00007ffbf8a40000 - 0x00007ffbf8a5d000 	C:\Windows\System32\ATL.DLL
0x00007ffb99010000 - 0x00007ffb99077000 	C:\Windows\System32\MFSENSORGROUP.dll
0x00007ffb82190000 - 0x00007ffb821e0000 	C:\Windows\System32\ksproxy.ax
0x00007ffb9e0f0000 - 0x00007ffb9e0f9000 	C:\Windows\System32\ksuser.dll
0x00007ffbe8d80000 - 0x00007ffbe8f51000 	C:\Windows\System32\d3d9.dll
0x00007ffc15420000 - 0x00007ffc154c1000 	C:\WINDOWS\SYSTEM32\policymanager.dll
0x00007ffc19fe0000 - 0x00007ffc1a06a000 	C:\Windows\System32\msvcp110_win.dll
0x00007ffb82940000 - 0x00007ffb8294d000 	C:\Windows\System32\vidcap.ax
0x00007ffb82910000 - 0x00007ffb82937000 	C:\Windows\System32\kswdmcap.ax
0x00007ffb827a0000 - 0x00007ffb8290c000 	C:\Windows\System32\MFC42.dll
0x00007ffc023b0000 - 0x00007ffc02580000 	C:\Windows\System32\quartz.dll
0x00007ffc13c90000 - 0x00007ffc13cd2000 	C:\Windows\System32\CapabilityAccessManagerClient.dll

dbghelp: loaded successfully - version: 4.0.5 - missing functions: none
symbol engine: initialized successfully - sym options: 0x614 - pdb path: .;C:\Program Files\Java\jdk-21\bin;C:\WINDOWS\SYSTEM32;C:\WINDOWS\WinSxS\amd64_microsoft.windows.common-controls_6595b64144ccf1df_6.0.19041.4355_none_60b8b9eb71f62e16;C:\Program Files\Java\jdk-21\bin\server;C:\Windows\System32\Speech\SpeechUX;C:\Users\david\AppData\Local\Temp

VM Arguments:
jvm_args: -Xms512m -Xmx2g 
java_command: target/wecamapp-1.0-SNAPSHOT.jar
java_class_path (initial): target/wecamapp-1.0-SNAPSHOT.jar
Launcher Type: SUN_STANDARD

[Global flags]
     intx CICompilerCount                          = 12                                        {product} {ergonomic}
     uint ConcGCThreads                            = 3                                         {product} {ergonomic}
     uint G1ConcRefinementThreads                  = 13                                        {product} {ergonomic}
   size_t G1HeapRegionSize                         = 1048576                                   {product} {ergonomic}
    uintx GCDrainStackTargetSize                   = 64                                        {product} {ergonomic}
   size_t InitialHeapSize                          = 536870912                                 {product} {command line}
   size_t MarkStackSize                            = 4194304                                   {product} {ergonomic}
   size_t MaxHeapSize                              = 2147483648                                {product} {command line}
   size_t MaxNewSize                               = 1287651328                                {product} {ergonomic}
   size_t MinHeapDeltaBytes                        = 1048576                                   {product} {ergonomic}
   size_t MinHeapSize                              = 536870912                                 {product} {command line}
    uintx NonNMethodCodeHeapSize                   = 7602480                                {pd product} {ergonomic}
    uintx NonProfiledCodeHeapSize                  = 122027880                              {pd product} {ergonomic}
    uintx ProfiledCodeHeapSize                     = 122027880                              {pd product} {ergonomic}
    uintx ReservedCodeCacheSize                    = 251658240                              {pd product} {ergonomic}
     bool SegmentedCodeCache                       = true                                      {product} {ergonomic}
   size_t SoftMaxHeapSize                          = 2147483648                             {manageable} {ergonomic}
     bool UseCompressedOops                        = true                           {product lp64_product} {ergonomic}
     bool UseG1GC                                  = true                                      {product} {ergonomic}
     bool UseLargePagesIndividualAllocation        = false                                  {pd product} {ergonomic}

Logging:
Log output configuration:
 #0: stdout all=warning uptime,level,tags foldmultilines=false
 #1: stderr all=off uptime,level,tags foldmultilines=false

Environment Variables:
PATH=C:\Program Files\Common Files\Oracle\Java\javapath;C:\Program Files (x86)\Razer Chroma SDK\bin;C:\Program Files\Razer Chroma SDK\bin;C:\Program Files (x86)\Razer\ChromaBroadcast\bin;C:\Program Files\Razer\ChromaBroadcast\bin;C:\Program Files\Java\jdk-23\bin;C:\Program Files\MAVEN\apache-maven-3.9.9\bin;C:\Program Files\nodejs\;C:\WINDOWS\system32\config\systemprofile\AppData\Local\Microsoft\WindowsApps;C:\Program Files\NVIDIA Corporation\NVIDIA app\NvDLISR;C:\Program Files\Curl\curl-8.11.0_2-win64-mingw\bin;C:\Windows\System32;C:\Users\david\AppData\Roaming\npm;C:\Users\david\.deno\bin
USERNAME=david
LANG=es_ES.UTF-8
OS=Windows_NT
PROCESSOR_IDENTIFIER=Intel64 Family 6 Model 158 Stepping 13, GenuineIntel
TMP=C:\Users\david\AppData\Local\Temp
TEMP=C:\Users\david\AppData\Local\Temp




Periodic native trim disabled

---------------  S Y S T E M  ---------------

OS:
 Windows 10 , 64 bit Build 19041 (10.0.19041.5198)
OS uptime: 0 days 0:27 hours

CPU: total 16 (initial active 16) (8 cores per cpu, 2 threads per core) family 6 model 158 stepping 13 microcode 0xde, cx8, cmov, fxsr, ht, mmx, 3dnowpref, sse, sse2, sse3, ssse3, sse4.1, sse4.2, popcnt, lzcnt, tsc, tscinvbit, avx, avx2, aes, erms, clmul, bmi1, bmi2, adx, fma, vzeroupper, clflush, clflushopt, rdtscp, f16c
Processor Information for all 16 processors :
  Max Mhz: 3600, Current Mhz: 3600, Mhz Limit: 3600

Memory: 4k page, system-wide physical 32709M (17089M free)
TotalPageFile size 37573M (AvailPageFile size 18093M)
current process WorkingSet (physical memory assigned to process): 409M, peak: 409M
current process commit charge ("private bytes"): 743M, peak: 743M

vm_info: Java HotSpot(TM) 64-Bit Server VM (21.0.5+9-LTS-239) for windows-amd64 JRE (21.0.5+9-LTS-239), built on 2024-09-30T05:17:38Z by "mach5one" with MS VC++ 17.6 (VS2022)

END.
